{"type": "FeatureCollection", "features": [{"id": "2266", "type": "Feature", "properties": {"zip": "94525", "place": "Crockett"}, "geometry": {"type": "Polygon", "coordinates": [[[-122.26020900000002, 38.04268400000004], [-122.25822, 38.045216999999994], [-122.256582, 38.049007], [-122.25531899999999, 38.04975599999997], [-122.25305, 38.04936199999999], [-122.250753, 38.04821699999995], [-122.24853599999999, 38.049549999999954], [-122.247814, 38.04876700000003], [-122.24550399999998, 38.05047400000001], [-122.242895, 38.05098399999997], [-122.241582, 38.05186000000004], [-122.241317, 38.05532999999998], [-122.235611, 38.05508400000003], [-122.23438300000001, 38.056951000000026], [-122.22668999999999, 38.056981999999984], [-122.224737, 38.056117000000064], [-122.22422400000002, 38.05770800000003], [-122.213905, 38.05688600000002], [-122.202897, 38.053987000000006], [-122.20589500000001, 38.049288999999995], [-122.206125, 38.04618100000001], [-122.212398, 38.045937], [-122.21578100000002, 38.04185499999997], [-122.214207, 38.040028], [-122.20936500000002, 38.038038000000036], [-122.20872099999998, 38.03608399999996], [-122.210067, 38.03490199999996], [-122.212472, 38.03525700000006], [-122.21519400000001, 38.03694299999995], [-122.21636500000001, 38.03654499999998], [-122.21725300000001, 38.03800499999999], [-122.22357300000002, 38.04335199999997], [-122.2264, 38.04461699999996], [-122.22807700000001, 38.04472399999996], [-122.232531, 38.04355200000006], [-122.23525000000001, 38.044791000000004], [-122.23823400000002, 38.04516799999999], [-122.24764, 38.038456], [-122.251603, 38.03428100000004], [-122.25055699999999, 38.03679600000003], [-122.25432100000002, 38.03888399999997], [-122.25188300000002, 38.040927999999994], [-122.255412, 38.04321999999994], [-122.25886400000002, 38.04228900000002], [-122.26020900000002, 38.04268400000004]]]}}, {"id": "2724", "type": "Feature", "properties": {"zip": "94548", "place": "Knightsen"}, "geometry": {"type": "Polygon", "coordinates": [[[-121.677631, 37.96884200000003], [-121.677568, 37.981131000000026], [-121.668449, 37.98111600000002], [-121.668446, 37.98339299999999], [-121.649378, 37.983313], [-121.64022400000002, 37.97615899999998], [-121.626088, 37.976105000000004], [-121.620149, 37.97670599999997], [-121.620227, 37.96885599999996], [-121.677631, 37.96884200000003]]]}}, {"id": "5780", "type": "Feature", "properties": {"zip": "94513", "place": "Brentwood"}, "geometry": {"type": "Polygon", "coordinates": [[[-121.832379, 37.930513999999974], [-121.829485, 37.934458], [-121.827883, 37.93413099999999], [-121.821962, 37.93073300000002], [-121.81752300000001, 37.93039300000003], [-121.815186, 37.928727999999964], [-121.80526699999999, 37.92606100000002], [-121.800379, 37.92525900000001], [-121.79605199999999, 37.923832], [-121.787233, 37.917971999999956], [-121.778706, 37.91796199999999], [-121.778112, 37.92526900000001], [-121.75552800000001, 37.92528299999997], [-121.75548599999999, 37.932538], [-121.751019, 37.93256700000002], [-121.75079600000001, 37.961760999999974], [-121.743223, 37.961689], [-121.739875, 37.96578400000002], [-121.73900200000001, 37.96876699999999], [-121.739406, 37.971348000000006], [-121.747416, 37.983069999999984], [-121.743619, 37.983102999999986], [-121.72993199999999, 37.96879600000001], [-121.696026, 37.96879299999998], [-121.69603100000002, 37.96795699999998], [-121.69143400000002, 37.967929], [-121.691442, 37.96615299999999], [-121.685443, 37.96615100000001], [-121.685443, 37.968855999999974], [-121.620227, 37.96885599999996], [-121.620149, 37.97670599999997], [-121.62258599999998, 37.97622099999998], [-121.62458500000001, 37.99784800000001], [-121.62836, 38.00890899999999], [-121.627015, 38.00883399999998], [-121.62194600000001, 38.011124999999964], [-121.619603, 38.012774], [-121.616751, 38.011523999999945], [-121.616237, 38.01376000000001], [-121.61302900000001, 38.01376000000002], [-121.60769600000002, 38.01792600000001], [-121.60720400000001, 38.019084999999954], [-121.602171, 38.01982200000002], [-121.597704, 38.02265300000002], [-121.59515899999998, 38.025196999999984], [-121.58576, 38.02967899999996], [-121.58591100000001, 38.026002999999996], [-121.58124599999998, 38.00174899999998], [-121.580138, 37.99878399999997], [-121.57894499999999, 37.99854999999999], [-121.5791, 37.997870999999954], [-121.577362, 37.997127000000006], [-121.57608400000001, 37.99485500000004], [-121.581025, 37.98952500000004], [-121.58246300000002, 37.983922], [-121.57952700000001, 37.98154999999997], [-121.57358299999999, 37.980309000000005], [-121.57239300000002, 37.97904499999995], [-121.57270600000001, 37.978089999999995], [-121.57423700000001, 37.97741599999998], [-121.576965, 37.977758999999985], [-121.57999299999999, 37.97696700000002], [-121.579943, 37.97611300000002], [-121.57783700000002, 37.97459600000001], [-121.57555, 37.97367499999996], [-121.57414799999998, 37.97181299999995], [-121.573713, 37.966433999999985], [-121.570124, 37.963262000000036], [-121.565138, 37.95984899999994], [-121.565586, 37.95778499999996], [-121.571578, 37.95752999999997], [-121.57450100000001, 37.956939000000006], [-121.575143, 37.95623900000001], [-121.575188, 37.95504499999998], [-121.57358899999998, 37.953755999999984], [-121.564113, 37.95511500000004], [-121.56369200000002, 37.95351200000002], [-121.568515, 37.94917099999999], [-121.56898800000002, 37.947618], [-121.568603, 37.94545899999999], [-121.567409, 37.943982], [-121.56555, 37.94416800000004], [-121.56364, 37.94610999999997], [-121.560683, 37.94757899999997], [-121.55818000000001, 37.947367], [-121.55758300000001, 37.94649600000001], [-121.558175, 37.945378999999974], [-121.561908, 37.944880999999974], [-121.563406, 37.944273], [-121.56323500000002, 37.94268300000002], [-121.561474, 37.94155199999999], [-121.56087999999998, 37.939879999999974], [-121.561937, 37.93761199999999], [-121.561455, 37.935884999999956], [-121.557274, 37.932247000000025], [-121.558899, 37.927926000000014], [-121.558491, 37.926208], [-121.556419, 37.92330200000001], [-121.558262, 37.921381000000004], [-121.565114, 37.919172999999994], [-121.565919, 37.91609899999997], [-121.571735, 37.91566799999998], [-121.57321000000002, 37.91629299999999], [-121.574785, 37.91786799999999], [-121.57713499999998, 37.918392999999966], [-121.58216000000002, 37.91751800000001], [-121.58696199999999, 37.91922399999998], [-121.588947, 37.920544000000014], [-121.591097, 37.92084399999995], [-121.592272, 37.918993999999984], [-121.59371, 37.917919], [-121.60586, 37.91736799999999], [-121.606383, 37.918192999999995], [-121.608935, 37.93281799999999], [-121.622723, 37.93277899999997], [-121.62289, 37.91867900000001], [-121.61855600000001, 37.91873600000002], [-121.61838899999998, 37.91732100000003], [-121.62290100000001, 37.91725899999998], [-121.62290999999999, 37.91644900000001], [-121.62143500000002, 37.91645399999999], [-121.62142600000001, 37.91498999999998], [-121.622923, 37.914986], [-121.62303899999999, 37.896407], [-121.6321, 37.89642099999999], [-121.632197, 37.88928799999998], [-121.639611, 37.889442000000024], [-121.64081600000002, 37.890195], [-121.6414, 37.891462999999966], [-121.641347, 37.89645399999999], [-121.664811, 37.896494000000004], [-121.65825700000002, 37.88922000000001], [-121.65981200000002, 37.88988499999997], [-121.659809, 37.88564800000003], [-121.66859800000002, 37.885612999999964], [-121.671215, 37.88657900000004], [-121.67126700000001, 37.88195999999999], [-121.67597200000002, 37.881994], [-121.67731700000002, 37.88314399999997], [-121.67816000000002, 37.882862], [-121.67816099999999, 37.88210700000001], [-121.68782300000001, 37.882067999999975], [-121.67792300000002, 37.87132500000003], [-121.65218100000001, 37.85572800000002], [-121.64712100000001, 37.85038500000001], [-121.646652, 37.84871300000001], [-121.64672900000001, 37.844729999999984], [-121.64888400000001, 37.84444800000002], [-121.65138499999999, 37.844892000000016], [-121.65441, 37.84211300000001], [-121.656664, 37.841578999999975], [-121.661734, 37.842254999999994], [-121.66379600000002, 37.84498600000002], [-121.667332, 37.846711], [-121.671894, 37.84774199999998], [-121.67586199999998, 37.84939400000001], [-121.67722400000001, 37.84849599999998], [-121.681496, 37.84867799999999], [-121.683183, 37.84807499999998], [-121.689722, 37.849624], [-121.693614, 37.85195499999997], [-121.69460200000002, 37.854112], [-121.696303, 37.85398099999998], [-121.69631700000001, 37.86104399999997], [-121.698546, 37.86428899999998], [-121.69858900000001, 37.867453000000005], [-121.723736, 37.867536999999984], [-121.72370700000002, 37.862542], [-121.72856900000001, 37.862590999999924], [-121.73106999999999, 37.863637999999966], [-121.73132599999998, 37.864989000000016], [-121.732642, 37.86450799999995], [-121.732627, 37.861099], [-121.73456800000001, 37.86097799999998], [-121.735788, 37.858805], [-121.739329, 37.855221000000014], [-121.740351, 37.85339899999998], [-121.745372, 37.85322200000002], [-121.74703400000001, 37.85360499999995], [-121.74812399999999, 37.85249500000005], [-121.753133, 37.85128000000001], [-121.75544699999999, 37.849177999999995], [-121.754488, 37.84713899999998], [-121.75193799999998, 37.845809999999986], [-121.773267, 37.845723999999976], [-121.773228, 37.83866900000001], [-121.774824, 37.83867499999998], [-121.777099, 37.84288900000002], [-121.782278, 37.84676700000001], [-121.782254, 37.84762000000002], [-121.77776900000002, 37.85043399999998], [-121.77731900000002, 37.84982800000001], [-121.774601, 37.85233900000006], [-121.773877, 37.854010000000024], [-121.77434099999999, 37.85509699999997], [-121.773442, 37.85704299999999], [-121.773676, 37.85843799999999], [-121.771205, 37.86058600000001], [-121.772288, 37.86307800000001], [-121.767719, 37.866355000000006], [-121.765309, 37.86683399999995], [-121.76335200000001, 37.86668799999996], [-121.762138, 37.86744500000001], [-121.759734, 37.867923999999995], [-121.75735699999998, 37.86749600000004], [-121.75126, 37.867647], [-121.75121699999998, 37.86986799999997], [-121.75555500000002, 37.869505], [-121.756955, 37.86976799999999], [-121.75576700000002, 37.87084299999999], [-121.757592, 37.87213], [-121.75924200000001, 37.872518], [-121.759934, 37.87364399999999], [-121.76193, 37.87458000000002], [-121.76493, 37.87433], [-121.76685500000002, 37.87492999999999], [-121.76711700000001, 37.87750499999997], [-121.770655, 37.87830500000003], [-121.77248900000001, 37.879660999999984], [-121.777333, 37.882018000000016], [-121.77604399999998, 37.88380700000003], [-121.775994, 37.884891000000025], [-121.784855, 37.889568000000025], [-121.78593, 37.89104300000005], [-121.787855, 37.89223000000005], [-121.79074300000002, 37.89316800000002], [-121.791511, 37.89448000000002], [-121.794367, 37.89614900000001], [-121.796255, 37.89612400000001], [-121.799155, 37.89451799999997], [-121.799008, 37.8926], [-121.800019, 37.891149999999946], [-121.80266400000001, 37.89163300000001], [-121.80515199999999, 37.890681000000015], [-121.80523300000002, 37.896251999999976], [-121.83168800000001, 37.89579899999995], [-121.83233700000001, 37.910635000000006], [-121.832379, 37.930513999999974]]]}}, {"id": "5783", "type": "Feature", "properties": {"zip": "94528", "place": "Diablo"}, "geometry": {"type": "Polygon", "coordinates": [[[-121.976, 37.838069999999966], [-121.96045499999998, 37.845528], [-121.96041700000002, 37.852798999999976], [-121.951473, 37.85291799999997], [-121.95049200000001, 37.851249], [-121.950076, 37.846720000000005], [-121.949171, 37.84499099999999], [-121.95021500000001, 37.843920999999966], [-121.949178, 37.840864999999994], [-121.947562, 37.840227999999996], [-121.94797000000001, 37.838902000000004], [-121.951617, 37.835169000000036], [-121.95192, 37.831928], [-121.956885, 37.83206299999999], [-121.959075, 37.833214999999974], [-121.96048100000002, 37.83350199999996], [-121.962194, 37.83307400000005], [-121.96590000000002, 37.833925999999956], [-121.9671, 37.835227000000025], [-121.96917999999998, 37.83587799999997], [-121.969821, 37.838165], [-121.976, 37.838069999999966]]]}}, {"id": "5791", "type": "Feature", "properties": {"zip": "94553", "place": "Martinez"}, "geometry": {"type": "Polygon", "coordinates": [[[-122.264081, 37.94361599999996], [-122.26320299999999, 37.94282699999997], [-122.258845, 37.946408999999946], [-122.256091, 37.94459499999998], [-122.255287, 37.94604699999997], [-122.25368299999998, 37.945742], [-122.255945, 37.94889599999997], [-122.254756, 37.949165], [-122.252326, 37.95146299999993], [-122.24910300000002, 37.95227500000002], [-122.246517, 37.955294000000066], [-122.24349, 37.95448000000002], [-122.241191, 37.95524599999997], [-122.241313, 37.956917], [-122.23759500000001, 37.95821599999998], [-122.24348300000001, 37.96263900000002], [-122.24677300000002, 37.964016999999934], [-122.245669, 37.964574999999996], [-122.243067, 37.96811299999999], [-122.243152, 37.971104999999994], [-122.241641, 37.97181600000004], [-122.237347, 37.972104], [-122.234465, 37.97396499999999], [-122.230873, 37.97503999999999], [-122.228709, 37.97347499999998], [-122.225796, 37.97347500000003], [-122.22374799999999, 37.972760999999984], [-122.22153499999999, 37.97060499999999], [-122.21889300000001, 37.96978900000002], [-122.216396, 37.969896999999996], [-122.21512400000002, 37.97047400000003], [-122.21002300000002, 37.968680000000006], [-122.208853, 37.96720400000003], [-122.204969, 37.96474199999999], [-122.23020899999999, 37.99637799999998], [-122.20961799999999, 37.99616899999999], [-122.209656, 38.007606000000024], [-122.21071000000002, 38.00768199999999], [-122.20505200000001, 38.00888799999997], [-122.190383, 38.01565999999997], [-122.190888, 38.01695299999999], [-122.19359799999998, 38.01852499999998], [-122.19495000000002, 38.019967999999984], [-122.195971, 38.02297099999997], [-122.199771, 38.02602200000002], [-122.207329, 38.02887799999999], [-122.21636500000001, 38.03654499999998], [-122.21519400000001, 38.03694299999995], [-122.212472, 38.03525700000006], [-122.210067, 38.03490199999996], [-122.20872099999998, 38.03608399999996], [-122.20936500000002, 38.038038000000036], [-122.214207, 38.040028], [-122.21578100000002, 38.04185499999997], [-122.212398, 38.045937], [-122.206125, 38.04618100000001], [-122.206143, 38.04743799999999], [-122.20583200000002, 38.04545700000002], [-122.204447, 38.04480799999998], [-122.20180900000001, 38.04137300000004], [-122.20034399999999, 38.04098900000001], [-122.197289, 38.038958999999984], [-122.19770499999998, 38.03713300000001], [-122.197345, 38.034743999999996], [-122.19523, 38.03242200000001], [-122.19589600000002, 38.030493999999976], [-122.19408300000002, 38.02867699999996], [-122.19220399999999, 38.030024000000004], [-122.187764, 38.02919400000004], [-122.189502, 38.030779000000024], [-122.191209, 38.031193000000016], [-122.19127300000001, 38.03228100000007], [-122.19424000000001, 38.03446], [-122.194985, 38.036347999999954], [-122.19244, 38.041119999999985], [-122.188674, 38.04202600000002], [-122.18598300000001, 38.04092100000002], [-122.183999, 38.04095199999996], [-122.182574, 38.03949299999998], [-122.183086, 38.03844999999996], [-122.18061800000001, 38.03792700000002], [-122.179425, 38.035663999999976], [-122.17707499999999, 38.03629499999997], [-122.17466699999999, 38.035974], [-122.17404299999998, 38.03411600000002], [-122.171353, 38.03205300000001], [-122.169226, 38.02946300000002], [-122.161968, 38.025996000000006], [-122.15609600000002, 38.023816000000046], [-122.15849599999999, 38.024872999999985], [-122.156432, 38.024897000000045], [-122.15155900000002, 38.023633000000046], [-122.14667400000002, 38.02358499999997], [-122.146866, 38.03172699999999], [-122.139366, 38.03217699999998], [-122.13017399999998, 38.034718000000034], [-122.13032300000002, 38.03244200000001], [-122.12952499999999, 38.03264499999998], [-122.12891800000001, 38.02724499999999], [-122.128797, 38.03046400000002], [-122.12498200000002, 38.03129900000002], [-122.12116399999998, 38.032993000000005], [-122.11940100000001, 38.03493400000007], [-122.118012, 38.03534099999999], [-122.112263, 38.039134000000004], [-122.10158100000001, 38.04218099999996], [-122.09694800000001, 38.04300100000001], [-122.09651800000002, 38.04232400000001], [-122.09653799999998, 38.04316600000001], [-122.093449, 38.04366599999994], [-122.090993, 38.041903000000026], [-122.085883, 38.03495599999999], [-122.08088200000002, 38.03152899999997], [-122.080022, 38.03142700000001], [-122.031506, 38.045103000000026], [-122.029902, 38.04140999999999], [-122.03361400000001, 38.03393799999999], [-122.033736, 38.03284999999996], [-122.027768, 38.02097499999999], [-122.02815900000002, 38.020392000000044], [-122.02991500000002, 38.02048699999998], [-122.030846, 38.02135800000003], [-122.030668, 38.02298600000001], [-122.033586, 38.02258099999999], [-122.035523, 38.013605000000034], [-122.03991699999999, 38.01287200000002], [-122.04192299999998, 38.01166199999995], [-122.046011, 38.011060999999984], [-122.045413, 38.00853300000002], [-122.048394, 38.006222], [-122.04802999999998, 38.00297999999997], [-122.05059300000002, 38.00319200000003], [-122.053723, 38.002332999999986], [-122.064848, 38.020258], [-122.06743100000001, 38.01831800000001], [-122.06934, 38.01611600000005], [-122.070312, 38.02026599999996], [-122.07015200000001, 38.02468099999995], [-122.07817799999998, 38.020304], [-122.077503, 38.016609999999986], [-122.075806, 38.014096999999936], [-122.07622, 38.012256000000036], [-122.078332, 38.01023400000005], [-122.07841400000001, 38.00869199999997], [-122.07732100000001, 38.00844899999999], [-122.07895199999999, 38.00592799999996], [-122.074932, 38.00566600000002], [-122.07705100000001, 38.00856799999999], [-122.074951, 38.00947], [-122.06966, 38.015702999999974], [-122.065737, 38.00925899999999], [-122.058129, 38.001717000000006], [-122.05639700000002, 37.999018999999976], [-122.061438, 37.997285000000005], [-122.063082, 37.99614100000005], [-122.06295400000002, 37.987534999999966], [-122.063749, 37.982156999999965], [-122.06554500000001, 37.97981600000002], [-122.06597100000002, 37.98183600000001], [-122.07407900000001, 37.981207000000005], [-122.07729700000002, 37.982392000000004], [-122.078914, 37.981497], [-122.07709000000001, 37.98134600000003], [-122.076191, 37.97934800000003], [-122.07658900000001, 37.97884800000002], [-122.07713199999999, 37.97936500000001], [-122.0773, 37.97796100000003], [-122.077797, 37.97796200000003], [-122.077818, 37.97615299999998], [-122.099898, 37.97595599999999], [-122.104371, 37.97273000000002], [-122.102015, 37.97150599999997], [-122.10231000000002, 37.96983300000001], [-122.10108899999999, 37.96935399999996], [-122.098833, 37.967119], [-122.094012, 37.960207000000025], [-122.092346, 37.95994599999999], [-122.091161, 37.95651000000002], [-122.091854, 37.95638599999997], [-122.09321699999998, 37.955063], [-122.103138, 37.95495699999999], [-122.10488400000001, 37.958673], [-122.1058, 37.958523000000014], [-122.107602, 37.95923699999995], [-122.10806, 37.95681499999997], [-122.10917, 37.957823000000026], [-122.111586, 37.95654899999999], [-122.11163399999998, 37.95539299999996], [-122.115652, 37.955909000000055], [-122.115704, 37.95355699999998], [-122.11747299999999, 37.95355899999997], [-122.117893, 37.951499999999996], [-122.11706799999999, 37.94940900000004], [-122.125859, 37.944610000000026], [-122.126555, 37.927464999999934], [-122.127071, 37.92702599999999], [-122.12919, 37.926825], [-122.13096900000001, 37.925276999999916], [-122.13355900000002, 37.926218], [-122.13589500000002, 37.923230999999966], [-122.134738, 37.919298999999995], [-122.137837, 37.91743499999999], [-122.13946600000001, 37.918137999999935], [-122.14231800000002, 37.91754000000002], [-122.14987899999998, 37.92229600000004], [-122.156273, 37.921646], [-122.156209, 37.92104699999996], [-122.16083799999998, 37.92040899999998], [-122.16087699999999, 37.918226000000026], [-122.161926, 37.92032700000001], [-122.164546, 37.92128999999999], [-122.16638300000001, 37.91970799999997], [-122.171168, 37.91827799999997], [-122.174716, 37.91796700000005], [-122.184728, 37.91916200000001], [-122.1918, 37.92063099999999], [-122.19417100000001, 37.921904999999974], [-122.195641, 37.92217300000003], [-122.19683000000002, 37.92147399999996], [-122.19726299999999, 37.91979199999996], [-122.200146, 37.917538000000015], [-122.200719, 37.91403800000004], [-122.20432700000002, 37.90895700000006], [-122.20533699999999, 37.90850099999998], [-122.208918, 37.908943000000036], [-122.211934, 37.909913999999986], [-122.212488, 37.90805700000002], [-122.21576700000001, 37.90712799999999], [-122.21428999999999, 37.90453499999997], [-122.214865, 37.904018000000015], [-122.21498300000002, 37.905605999999985], [-122.216759, 37.906825000000026], [-122.22274299999998, 37.906554999999955], [-122.224768, 37.90716900000002], [-122.22525400000002, 37.90809199999998], [-122.22764599999998, 37.90840500000001], [-122.230797, 37.912343000000014], [-122.23249100000001, 37.916567], [-122.23453, 37.91717100000003], [-122.23695299999999, 37.919867000000046], [-122.240052, 37.919129999999974], [-122.237987, 37.92115799999997], [-122.240082, 37.921709000000014], [-122.245759, 37.92157699999996], [-122.24807300000002, 37.92276199999999], [-122.24968299999999, 37.92543599999998], [-122.254053, 37.92749500000001], [-122.25543500000002, 37.931228999999995], [-122.25736599999999, 37.93273599999997], [-122.25939600000001, 37.93764699999995], [-122.261641, 37.94089700000001], [-122.26571600000001, 37.942565], [-122.264081, 37.94361599999996]]]}}, {"id": "10132", "type": "Feature", "properties": {"zip": "94549", "place": "Lafayette"}, "geometry": {"type": "Polygon", "coordinates": [[[-122.21109799999999, 37.90788900000004], [-122.21037400000002, 37.908608000000015], [-122.208918, 37.908943000000036], [-122.20533699999999, 37.90850099999998], [-122.20432700000002, 37.90895700000006], [-122.200719, 37.91403800000004], [-122.200146, 37.917538000000015], [-122.19726299999999, 37.91979199999996], [-122.19683000000002, 37.92147399999996], [-122.195641, 37.92217300000003], [-122.19417100000001, 37.921904999999974], [-122.1918, 37.92063099999999], [-122.184728, 37.91916200000001], [-122.174716, 37.91796700000005], [-122.171168, 37.91827799999997], [-122.16638300000001, 37.91970799999997], [-122.164546, 37.92128999999999], [-122.161926, 37.92032700000001], [-122.16087699999999, 37.918226000000026], [-122.16083799999998, 37.92040899999998], [-122.156209, 37.92104699999996], [-122.156273, 37.921646], [-122.14987899999998, 37.92229600000004], [-122.14231800000002, 37.91754000000002], [-122.13946600000001, 37.918137999999935], [-122.137837, 37.91743499999999], [-122.134738, 37.919298999999995], [-122.13589500000002, 37.923230999999966], [-122.13355900000002, 37.926218], [-122.13096900000001, 37.925276999999916], [-122.12919, 37.926825], [-122.127071, 37.92702599999999], [-122.126555, 37.927464999999934], [-122.125859, 37.944610000000026], [-122.11706799999999, 37.94940900000004], [-122.117893, 37.951499999999996], [-122.11747299999999, 37.95355899999997], [-122.115704, 37.95355699999998], [-122.115652, 37.955909000000055], [-122.11163399999998, 37.95539299999996], [-122.111586, 37.95654899999999], [-122.10917, 37.957823000000026], [-122.10806, 37.95681499999997], [-122.107602, 37.95923699999995], [-122.1058, 37.958523000000014], [-122.10488400000001, 37.958673], [-122.103138, 37.95495699999999], [-122.10239499999999, 37.95497699999998], [-122.09893099999998, 37.95188100000001], [-122.100923, 37.95061299999993], [-122.098661, 37.94824099999996], [-122.09849499999999, 37.94744399999995], [-122.09673800000002, 37.94703899999998], [-122.09806499999999, 37.94563099999999], [-122.09802399999998, 37.94359700000001], [-122.09468, 37.94318599999998], [-122.09321000000001, 37.94081800000004], [-122.089876, 37.94086100000004], [-122.089576, 37.93675999999998], [-122.09069499999998, 37.93540299999998], [-122.088425, 37.93186500000003], [-122.086753, 37.931862999999964], [-122.086451, 37.92785599999995], [-122.08874599999999, 37.927257000000026], [-122.087997, 37.92525999999998], [-122.089469, 37.92494399999998], [-122.089522, 37.92142500000001], [-122.091041, 37.92073900000004], [-122.09118300000002, 37.92112700000003], [-122.092452, 37.92082700000001], [-122.09325500000001, 37.92249200000004], [-122.09589, 37.92188300000004], [-122.09649800000001, 37.92075000000001], [-122.094706, 37.91933100000001], [-122.092546, 37.92033199999999], [-122.09177199999999, 37.917303], [-122.10001100000001, 37.917397999999984], [-122.098415, 37.91237199999995], [-122.09905500000002, 37.91020800000001], [-122.089913, 37.91016700000001], [-122.08657, 37.910594999999965], [-122.08471099999998, 37.908118], [-122.080635, 37.90640600000006], [-122.08066000000001, 37.90474699999998], [-122.08210400000002, 37.90485199999999], [-122.08206500000001, 37.90444699999997], [-122.08395700000001, 37.90417399999998], [-122.08357600000001, 37.902774], [-122.083874, 37.90056600000003], [-122.086021, 37.89908100000002], [-122.08528999999999, 37.89868999999997], [-122.08669, 37.89868099999996], [-122.09070099999998, 37.89978200000003], [-122.092274, 37.902624], [-122.09290300000002, 37.90072699999999], [-122.092782, 37.89763399999998], [-122.08305899999999, 37.89760500000003], [-122.082205, 37.896433], [-122.082196, 37.89284699999995], [-122.083876, 37.89138000000003], [-122.085864, 37.89093900000002], [-122.08838, 37.886541999999984], [-122.086606, 37.88516799999999], [-122.091755, 37.88566800000002], [-122.08807000000002, 37.88177899999998], [-122.089701, 37.88131899999999], [-122.08933100000002, 37.87526899999998], [-122.083061, 37.868242999999964], [-122.07804800000001, 37.85724399999998], [-122.077987, 37.856751000000024], [-122.07997500000002, 37.85675800000001], [-122.079926, 37.854199999999956], [-122.078291, 37.85323700000003], [-122.077976, 37.852495999999974], [-122.079842, 37.85130100000001], [-122.07962400000001, 37.84944300000001], [-122.08823199999999, 37.849265999999986], [-122.08782600000002, 37.85095400000001], [-122.10774200000002, 37.850712999999985], [-122.10745399999999, 37.851531], [-122.105735, 37.85287799999999], [-122.10298000000002, 37.857989999999965], [-122.10614700000002, 37.85798499999998], [-122.10665500000002, 37.862893999999976], [-122.109734, 37.86461200000003], [-122.109737, 37.86647500000002], [-122.108197, 37.86776700000004], [-122.106768, 37.86775799999995], [-122.107126, 37.86886000000001], [-122.105693, 37.87193099999997], [-122.112314, 37.873304], [-122.11252200000001, 37.87431699999998], [-122.115868, 37.87461599999996], [-122.11620900000001, 37.87364200000004], [-122.12677199999999, 37.87268999999998], [-122.12844400000002, 37.87356800000002], [-122.128407, 37.87499800000001], [-122.133794, 37.87479500000002], [-122.13379, 37.875696000000005], [-122.13606700000001, 37.87571699999998], [-122.136104, 37.87209500000001], [-122.14178700000001, 37.87212900000004], [-122.14182900000002, 37.86850000000003], [-122.145262, 37.868523000000025], [-122.15667500000002, 37.87160400000001], [-122.155545, 37.872628], [-122.15585899999999, 37.881386000000056], [-122.15543900000002, 37.882571000000034], [-122.15368299999999, 37.883034999999985], [-122.155732, 37.88356699999998], [-122.15580599999998, 37.88185700000001], [-122.15816800000002, 37.88115599999997], [-122.163238, 37.88112999999998], [-122.161695, 37.883092999999974], [-122.164991, 37.88534600000003], [-122.16503200000001, 37.88954600000004], [-122.16688, 37.88950300000002], [-122.166921, 37.892055], [-122.16505900000001, 37.89236299999998], [-122.165216, 37.90949200000002], [-122.16093900000001, 37.909544000000025], [-122.16090900000002, 37.91304199999998], [-122.160988, 37.91352200000001], [-122.16534900000002, 37.91551200000003], [-122.16678500000002, 37.917035000000006], [-122.174056, 37.91539400000003], [-122.17566300000001, 37.915819999999975], [-122.176956, 37.918144000000034], [-122.18484700000002, 37.91873099999997], [-122.188488, 37.919831000000016], [-122.19261300000001, 37.92018299999998], [-122.19570200000001, 37.92155500000003], [-122.198009, 37.91860000000003], [-122.199859, 37.91750900000004], [-122.20002200000002, 37.91489400000003], [-122.203291, 37.90952199999997], [-122.204897, 37.90841100000003], [-122.20855900000001, 37.90878999999997], [-122.210499, 37.90837499999999], [-122.21112899999999, 37.90725099999998], [-122.210539, 37.905823], [-122.21125700000002, 37.906849999999984], [-122.21109799999999, 37.90788900000004]]]}}, {"id": "10277", "type": "Feature", "properties": {"zip": "94517", "place": "Clayton"}, "geometry": {"type": "Polygon", "coordinates": [[[-121.989461, 37.89978100000002], [-121.981538, 37.91096000000008], [-121.97323300000001, 37.92071199999994], [-121.96751300000001, 37.92596799999999], [-121.960353, 37.92925200000001], [-121.95808500000001, 37.931208999999996], [-121.95702500000002, 37.93407200000004], [-121.94486200000001, 37.93398299999998], [-121.94600600000001, 37.93735699999999], [-121.94426, 37.93734399999999], [-121.944266, 37.94123499999998], [-121.95094400000002, 37.941239999999986], [-121.950916, 37.94849899999999], [-121.957343, 37.95210899999999], [-121.95239899999999, 37.95564999999998], [-121.951686, 37.955115000000035], [-121.951692, 37.95424999999999], [-121.95247000000002, 37.95361900000003], [-121.951345, 37.952996999999975], [-121.95100000000001, 37.951932000000006], [-121.94807499999999, 37.951074999999975], [-121.947936, 37.95149300000002], [-121.94681, 37.951188000000016], [-121.944659, 37.95413400000003], [-121.94022700000001, 37.95511400000002], [-121.93933, 37.95586199999998], [-121.914617, 37.955142000000016], [-121.914464, 37.942992000000025], [-121.91132200000001, 37.94126599999999], [-121.90592, 37.940265999999994], [-121.905456, 37.938203999999956], [-121.89866000000002, 37.93242099999999], [-121.893759, 37.930976999999956], [-121.88996500000002, 37.930723], [-121.88811000000001, 37.924346999999955], [-121.886293, 37.92230199999996], [-121.884037, 37.92141999999994], [-121.88132199999998, 37.92255299999998], [-121.87990500000001, 37.92470499999999], [-121.876737, 37.92330199999998], [-121.87688799999998, 37.933225999999976], [-121.872015, 37.93095099999999], [-121.870476, 37.929274000000035], [-121.86796700000001, 37.92446799999996], [-121.86796, 37.91814500000001], [-121.83238499999999, 37.91811399999998], [-121.83168800000001, 37.89579899999995], [-121.80523300000002, 37.896251999999976], [-121.80515199999999, 37.890681000000015], [-121.80266400000001, 37.89163300000001], [-121.800019, 37.891149999999946], [-121.799008, 37.8926], [-121.799155, 37.89451799999997], [-121.796255, 37.89612400000001], [-121.794367, 37.89614900000001], [-121.791511, 37.89448000000002], [-121.79074300000002, 37.89316800000002], [-121.787855, 37.89223000000005], [-121.78593, 37.89104300000005], [-121.784855, 37.889568000000025], [-121.775994, 37.884891000000025], [-121.77604399999998, 37.88380700000003], [-121.777333, 37.882018000000016], [-121.77248900000001, 37.879660999999984], [-121.770655, 37.87830500000003], [-121.76711700000001, 37.87750499999997], [-121.76685500000002, 37.87492999999999], [-121.76493, 37.87433], [-121.76193, 37.87458000000002], [-121.759934, 37.87364399999999], [-121.75924200000001, 37.872518], [-121.757592, 37.87213], [-121.75576700000002, 37.87084299999999], [-121.756955, 37.86976799999999], [-121.75555500000002, 37.869505], [-121.75121699999998, 37.86986799999997], [-121.75126, 37.867647], [-121.75735699999998, 37.86749600000004], [-121.759734, 37.867923999999995], [-121.762138, 37.86744500000001], [-121.76335200000001, 37.86668799999996], [-121.765309, 37.86683399999995], [-121.767719, 37.866355000000006], [-121.772288, 37.86307800000001], [-121.771205, 37.86058600000001], [-121.773676, 37.85843799999999], [-121.773442, 37.85704299999999], [-121.77434099999999, 37.85509699999997], [-121.773877, 37.854010000000024], [-121.774601, 37.85233900000006], [-121.77731900000002, 37.84982800000001], [-121.77776900000002, 37.85043399999998], [-121.782254, 37.84762000000002], [-121.78251999999999, 37.849699999999984], [-121.783671, 37.85104299999998], [-121.78423499999998, 37.85342199999996], [-121.789794, 37.85665099999993], [-121.79266599999998, 37.85718699999998], [-121.79375299999998, 37.85852000000001], [-121.794754, 37.862094999999954], [-121.796685, 37.86315099999996], [-121.796687, 37.86395199999997], [-121.800185, 37.86521099999999], [-121.803093, 37.867738999999986], [-121.80406800000002, 37.86981700000002], [-121.805343, 37.86991000000002], [-121.809324, 37.868646], [-121.81175, 37.869338999999975], [-121.814939, 37.867020999999994], [-121.814015, 37.864342999999984], [-121.813976, 37.86030799999999], [-121.82296600000001, 37.86019299999998], [-121.823145, 37.852921999999985], [-121.832131, 37.85308599999998], [-121.832168, 37.838971], [-121.8231, 37.839062000000034], [-121.823216, 37.82820299999997], [-121.82468699999998, 37.831041000000006], [-121.827613, 37.831991000000016], [-121.82733, 37.83331], [-121.828764, 37.83380900000001], [-121.830146, 37.83573199999997], [-121.83245400000001, 37.835913], [-121.83251300000002, 37.837923], [-121.83557300000001, 37.83763899999997], [-121.83914000000001, 37.83962699999999], [-121.84250300000001, 37.839842], [-121.84327, 37.84037400000001], [-121.84684400000002, 37.84584699999997], [-121.893526, 37.84568200000002], [-121.893393, 37.846088999999964], [-121.91100100000001, 37.84608599999997], [-121.910987, 37.85834100000001], [-121.91438400000001, 37.86214899999999], [-121.914055, 37.88194500000004], [-121.94089200000002, 37.881437000000034], [-121.94073700000001, 37.88814999999998], [-121.96290100000002, 37.88820800000003], [-121.97770699999998, 37.88527300000005], [-121.98178900000002, 37.88990100000001], [-121.985463, 37.89216799999999], [-121.98799000000001, 37.89468800000002], [-121.988822, 37.89717700000004], [-121.98816900000001, 37.898120999999946], [-121.990644, 37.89958399999998], [-121.989461, 37.89978100000002]]]}}, {"id": "10324", "type": "Feature", "properties": {"zip": "94507", "place": "Alamo"}, "geometry": {"type": "Polygon", "coordinates": [[[-122.05376, 37.87313399999999], [-122.05181300000001, 37.87471500000001], [-122.052289, 37.876123999999955], [-122.054853, 37.87644099999999], [-122.05456000000001, 37.880576], [-122.051592, 37.881663999999994], [-122.05084200000002, 37.880733000000035], [-122.05007100000002, 37.88084599999993], [-122.040902, 37.869666], [-122.03879000000002, 37.86872200000002], [-122.037029, 37.86570699999999], [-122.035453, 37.867837999999985], [-122.028934, 37.86789799999997], [-122.028605, 37.865835000000004], [-122.02615099999998, 37.86648799999995], [-122.026051, 37.87340200000005], [-122.02317100000002, 37.87195200000003], [-122.023239, 37.86640900000003], [-122.020163, 37.86646699999999], [-122.020034, 37.873520000000006], [-122.01028600000001, 37.871866000000004], [-122.011716, 37.87455999999998], [-122.009892, 37.877893], [-122.00642, 37.879784999999984], [-122.003474, 37.877760999999964], [-122.00048899999999, 37.87698500000002], [-122.001811, 37.873722000000015], [-121.997127, 37.87232900000003], [-121.998343, 37.86983099999998], [-121.98990800000001, 37.86837], [-121.98909100000002, 37.86180699999997], [-121.96929600000001, 37.86242499999996], [-121.96666500000002, 37.859785999999964], [-121.96584099999998, 37.86059299999998], [-121.963959, 37.860572999999974], [-121.956474, 37.85791799999999], [-121.955309, 37.85516899999996], [-121.954552, 37.855776000000006], [-121.950836, 37.854198999999994], [-121.949975, 37.85518099999995], [-121.94772400000001, 37.85490200000003], [-121.945283, 37.855332999999995], [-121.943579, 37.854744999999994], [-121.94081200000001, 37.855102000000024], [-121.93973400000002, 37.85437799999997], [-121.936994, 37.854351], [-121.93348500000002, 37.85234999999998], [-121.933868, 37.85039100000001], [-121.92775999999999, 37.84606000000006], [-121.923752, 37.844742000000004], [-121.921069, 37.84302499999995], [-121.922342, 37.842585], [-121.92267400000001, 37.84088100000002], [-121.92522100000001, 37.84114599999997], [-121.92707600000001, 37.84278300000003], [-121.92919200000001, 37.84184400000006], [-121.93134, 37.84218799999997], [-121.932422, 37.84156200000004], [-121.933759, 37.844022999999986], [-121.93602600000001, 37.843621000000034], [-121.937264, 37.844270999999985], [-121.93721500000001, 37.842694999999964], [-121.938162, 37.84117299999997], [-121.94070000000002, 37.84192200000002], [-121.940342, 37.84319000000004], [-121.941649, 37.843409], [-121.94393100000002, 37.84197700000002], [-121.946133, 37.843305999999984], [-121.948148, 37.84228399999999], [-121.94983100000002, 37.84411500000003], [-121.949171, 37.84499099999999], [-121.950076, 37.846720000000005], [-121.95049200000001, 37.851249], [-121.951473, 37.85291799999997], [-121.96041700000002, 37.852798999999976], [-121.96045499999998, 37.845528], [-121.96585900000001, 37.84298200000001], [-121.965475, 37.843481999999995], [-121.96642899999999, 37.843603999999964], [-121.96585800000001, 37.84534800000001], [-121.980445, 37.845138000000034], [-121.986842, 37.84464099999997], [-121.98679800000001, 37.83743299999997], [-121.996927, 37.83709300000001], [-121.997029, 37.84522399999998], [-122.004802, 37.84476200000001], [-122.009186, 37.846300000000035], [-122.012341, 37.84629499999999], [-122.01331800000001, 37.84594100000003], [-122.013262, 37.845042000000035], [-122.015536, 37.845796999999976], [-122.014097, 37.84334299999999], [-122.016271, 37.839393], [-122.01761199999999, 37.840139999999984], [-122.019018, 37.83911900000002], [-122.01569399999998, 37.83565700000001], [-122.02035300000001, 37.83119000000002], [-122.02147200000002, 37.82732600000002], [-122.02398200000002, 37.827214999999995], [-122.02658600000001, 37.827886000000014], [-122.03619600000002, 37.83710800000004], [-122.03783099999998, 37.837707000000016], [-122.04331200000001, 37.83750899999998], [-122.04330600000002, 37.83845699999994], [-122.04788, 37.83876000000003], [-122.04788, 37.84220499999999], [-122.052357, 37.84249699999998], [-122.05322, 37.863345000000024], [-122.054078, 37.86426300000006], [-122.052997, 37.86567099999996], [-122.05550200000002, 37.87311299999997], [-122.05376, 37.87313399999999]]]}}, {"id": "11020", "type": "Feature", "properties": {"zip": "94526", "place": "Danville"}, "geometry": {"type": "Polygon", "coordinates": [[[-122.028549, 37.827650999999996], [-122.02508200000001, 37.825790999999995], [-122.02593799999998, 37.82786100000002], [-122.02398200000002, 37.827214999999995], [-122.02147200000002, 37.82732600000002], [-122.02035300000001, 37.83119000000002], [-122.01569399999998, 37.83565700000001], [-122.019018, 37.83911900000002], [-122.01761199999999, 37.840139999999984], [-122.016271, 37.839393], [-122.014097, 37.84334299999999], [-122.015536, 37.845796999999976], [-122.013262, 37.845042000000035], [-122.01331800000001, 37.84594100000003], [-122.01250100000001, 37.846246999999984], [-122.00943900000001, 37.84634899999997], [-122.004802, 37.84476200000001], [-121.997029, 37.84522399999998], [-121.996927, 37.83709300000001], [-121.98679800000001, 37.83743299999997], [-121.986842, 37.84464099999997], [-121.980445, 37.845138000000034], [-121.96585800000001, 37.84534800000001], [-121.96642899999999, 37.843603999999964], [-121.965475, 37.843481999999995], [-121.96585900000001, 37.84298200000001], [-121.976, 37.838069999999966], [-121.969821, 37.838165], [-121.96917999999998, 37.83587799999997], [-121.96725100000002, 37.83530900000001], [-121.96615500000001, 37.833932999999945], [-121.96247500000001, 37.832935999999975], [-121.959128, 37.833087999999975], [-121.95647000000001, 37.831739000000006], [-121.95977299999998, 37.830852000000014], [-121.957405, 37.82640299999995], [-121.955939, 37.82549100000001], [-121.954602, 37.82359400000004], [-121.954955, 37.821883000000014], [-121.94884400000001, 37.81944499999997], [-121.947601, 37.81686200000001], [-121.951102, 37.816693], [-121.95112200000001, 37.81246199999995], [-121.94894800000002, 37.81290800000002], [-121.948706, 37.81072799999996], [-121.94586700000002, 37.809154], [-121.945062, 37.81026699999999], [-121.942626, 37.809074000000024], [-121.941723, 37.80591600000002], [-121.942507, 37.804171000000025], [-121.949581, 37.807469000000005], [-121.952084, 37.80316599999997], [-121.95115599999998, 37.802573], [-121.95353000000001, 37.79812499999996], [-121.94748900000002, 37.79508500000001], [-121.95102000000001, 37.79500400000001], [-121.951109, 37.78691000000001], [-121.95479399999999, 37.785810999999995], [-121.95878100000002, 37.78354099999997], [-121.966875, 37.780485], [-121.968637, 37.78295400000001], [-121.976468, 37.779927999999984], [-121.98051999999998, 37.78720400000004], [-121.98075300000002, 37.78667399999996], [-121.991204, 37.786435000000026], [-121.992137, 37.78737799999999], [-121.99280500000002, 37.78700099999997], [-121.99383299999998, 37.790618999999985], [-121.99369799999998, 37.793671], [-122.005439, 37.793292000000015], [-122.00570400000001, 37.808303999999964], [-122.00239, 37.8083], [-122.000826, 37.809706999999996], [-122.00379, 37.81060999999999], [-122.007196, 37.80944000000003], [-122.00743900000002, 37.80834800000002], [-122.014628, 37.80844400000002], [-122.01503200000002, 37.809064000000006], [-122.026076, 37.809064000000006], [-122.026035, 37.82085500000002], [-122.02555600000001, 37.821655999999955], [-122.025999, 37.82360500000001], [-122.023936, 37.82356900000001], [-122.02482400000001, 37.825238], [-122.02863300000001, 37.82517999999996], [-122.028549, 37.827650999999996]]]}}, {"id": "11795", "type": "Feature", "properties": {"zip": "94803", "place": "El Sobrante"}, "geometry": {"type": "Polygon", "coordinates": [[[-122.33073000000002, 37.959486000000005], [-122.32924400000002, 37.962228000000025], [-122.32255200000002, 37.96633199999997], [-122.32140599999998, 37.967805999999996], [-122.315559, 37.985641], [-122.31188100000001, 37.983785999999974], [-122.30745300000001, 37.98779000000001], [-122.30757899999999, 37.98945799999999], [-122.300965, 37.98955599999996], [-122.30047200000001, 37.985880000000044], [-122.29834900000002, 37.98609799999997], [-122.294577, 37.98735299999999], [-122.291842, 37.986316999999964], [-122.29186199999998, 37.98796000000001], [-122.293693, 37.989030999999976], [-122.29198499999998, 37.98964300000002], [-122.290721, 37.989379000000014], [-122.290708, 37.98723800000001], [-122.288379, 37.987997999999976], [-122.28623200000001, 37.98675499999999], [-122.288475, 37.98429900000002], [-122.28766600000002, 37.983362], [-122.283903, 37.98316799999997], [-122.281955, 37.982037000000005], [-122.282175, 37.983450999999995], [-122.27901999999999, 37.98247699999998], [-122.27885700000002, 37.98061800000002], [-122.268048, 37.974269000000014], [-122.260689, 37.97294600000002], [-122.25609600000001, 37.975142999999996], [-122.25608100000001, 37.976954000000006], [-122.257637, 37.97762199999997], [-122.251357, 37.975228000000016], [-122.250275, 37.973586], [-122.24721500000001, 37.972157], [-122.243152, 37.971104999999994], [-122.243067, 37.96811299999999], [-122.245669, 37.964574999999996], [-122.24677300000002, 37.964016999999934], [-122.24348300000001, 37.96263900000002], [-122.23759500000001, 37.95821599999998], [-122.241313, 37.956917], [-122.241191, 37.95524599999997], [-122.24349, 37.95448000000002], [-122.246517, 37.955294000000066], [-122.24910300000002, 37.95227500000002], [-122.252326, 37.95146299999993], [-122.254756, 37.949165], [-122.255945, 37.94889599999997], [-122.25368299999998, 37.945742], [-122.255287, 37.94604699999997], [-122.256091, 37.94459499999998], [-122.258845, 37.946408999999946], [-122.26320299999999, 37.94282699999997], [-122.264081, 37.94361599999996], [-122.26571600000001, 37.942565], [-122.261641, 37.94089700000001], [-122.25939600000001, 37.93764699999995], [-122.25736599999999, 37.93273599999997], [-122.25543500000002, 37.931228999999995], [-122.254053, 37.92749500000001], [-122.24968299999999, 37.92543599999998], [-122.24807300000002, 37.92276199999999], [-122.245759, 37.92157699999996], [-122.255502, 37.92153900000004], [-122.254611, 37.92057899999999], [-122.26373400000001, 37.92093100000006], [-122.263189, 37.92148800000003], [-122.270606, 37.921384], [-122.27067200000002, 37.92391999999999], [-122.27856300000002, 37.92000600000002], [-122.280027, 37.92242099999999], [-122.28176000000002, 37.92409199999996], [-122.282612, 37.92616900000005], [-122.28820799999998, 37.93206000000003], [-122.28899100000001, 37.93368100000002], [-122.29152, 37.93338500000001], [-122.29198, 37.93452400000005], [-122.298729, 37.93718200000003], [-122.30193400000002, 37.940819], [-122.30577, 37.94199000000003], [-122.311325, 37.946725000000015], [-122.31135600000002, 37.948817], [-122.309601, 37.94811599999998], [-122.30952, 37.951662999999975], [-122.30836800000002, 37.95267199999996], [-122.30824800000002, 37.95480300000002], [-122.309985, 37.95599999999999], [-122.310466, 37.95546999999997], [-122.312325, 37.95678600000002], [-122.316474, 37.95700100000003], [-122.317386, 37.96119799999996], [-122.31841800000001, 37.96029900000004], [-122.31912700000001, 37.962690000000045], [-122.320224, 37.96202200000002], [-122.323771, 37.961976999999976], [-122.32712100000002, 37.96059899999996], [-122.3277, 37.96129900000001], [-122.329125, 37.96010999999998], [-122.327667, 37.958778999999964], [-122.32807700000001, 37.95701400000004], [-122.329943, 37.95590600000001], [-122.33073000000002, 37.959486000000005]]]}}, {"id": "16221", "type": "Feature", "properties": {"zip": "94521", "place": "Concord"}, "geometry": {"type": "Polygon", "coordinates": [[[-122.008664, 37.969828], [-122.00867, 37.970274999999994], [-122.007976, 37.97030899999998], [-122.007996, 37.97098999999998], [-122.007306, 37.97100599999999], [-122.007287, 37.97032899999998], [-122.00596800000001, 37.97006300000004], [-122.006195, 37.96916300000001], [-122.00561099999999, 37.96900000000002], [-122.005405, 37.96977100000003], [-122.000352, 37.97036799999999], [-122.000374, 37.971463999999976], [-121.998134, 37.971479000000016], [-121.996058, 37.973246999999965], [-121.99896999999999, 37.97578900000002], [-121.996284, 37.97792200000001], [-121.99328800000002, 37.97785600000006], [-121.987522, 37.976139999999994], [-121.984469, 37.97882100000001], [-121.977639, 37.97371099999999], [-121.975476, 37.97552899999999], [-121.97002300000001, 37.971742000000006], [-121.96832400000001, 37.973165999999935], [-121.96387700000001, 37.972832999999994], [-121.9585, 37.96837900000002], [-121.95922500000002, 37.967675999999976], [-121.95745100000002, 37.967210999999985], [-121.95363500000002, 37.96491400000001], [-121.94865700000001, 37.963083999999995], [-121.945311, 37.963545999999994], [-121.940459, 37.96774399999999], [-121.94044200000002, 37.96647700000004], [-121.935325, 37.966512000000016], [-121.935382, 37.96829699999998], [-121.933024, 37.96835100000001], [-121.93291899999998, 37.961676], [-121.931134, 37.96162599999998], [-121.92840000000001, 37.96316099999997], [-121.927606, 37.966074], [-121.92456500000002, 37.968883999999974], [-121.921459, 37.970577000000006], [-121.92264100000001, 37.96928600000001], [-121.919361, 37.96932000000003], [-121.919316, 37.962315999999994], [-121.91470299999999, 37.96215899999998], [-121.914617, 37.955142000000016], [-121.93933, 37.95586199999998], [-121.94022700000001, 37.95511400000002], [-121.944659, 37.95413400000003], [-121.94681, 37.951188000000016], [-121.947936, 37.95149300000002], [-121.94807499999999, 37.951074999999975], [-121.95100000000001, 37.951932000000006], [-121.951345, 37.952996999999975], [-121.95247000000002, 37.95361900000003], [-121.951692, 37.95424999999999], [-121.951686, 37.955115000000035], [-121.95239899999999, 37.95564999999998], [-121.957343, 37.95210899999999], [-121.950916, 37.94849899999999], [-121.95094400000002, 37.941239999999986], [-121.944266, 37.94123499999998], [-121.94426, 37.93734399999999], [-121.94600600000001, 37.93735699999999], [-121.94486200000001, 37.93398299999998], [-121.95702500000002, 37.93407200000004], [-121.95808500000001, 37.931208999999996], [-121.962093, 37.92815600000002], [-121.96751300000001, 37.92596799999999], [-121.96970800000001, 37.92428700000003], [-121.977157, 37.91610500000001], [-121.97892800000001, 37.91764499999999], [-121.97828800000002, 37.919799000000005], [-121.980614, 37.92295299999999], [-121.980606, 37.92386000000002], [-121.98426600000002, 37.92584200000004], [-121.985123, 37.927756000000045], [-121.983674, 37.92977599999999], [-121.986108, 37.933208999999934], [-121.98531200000001, 37.93434299999997], [-121.9969, 37.94268700000001], [-121.995104, 37.94552999999999], [-121.992234, 37.947157999999995], [-121.99518900000001, 37.94901800000001], [-121.99629199999998, 37.95066799999997], [-121.99689500000001, 37.95042599999998], [-122.00161499999999, 37.95545000000003], [-122.001174, 37.955751000000035], [-122.00802800000001, 37.96165300000003], [-122.008122, 37.96312700000003], [-122.00633799999999, 37.96373600000003], [-122.006739, 37.96540800000001], [-122.007339, 37.965349999999994], [-122.007519, 37.96606799999998], [-122.00864000000001, 37.965932000000016], [-122.009362, 37.970004999999986], [-122.008664, 37.969828]]]}}, {"id": "16261", "type": "Feature", "properties": {"zip": "94582", "place": "San Ramon"}, "geometry": {"type": "Polygon", "coordinates": [[[-121.964458, 37.781461], [-121.95878100000002, 37.78354099999997], [-121.95479399999999, 37.785810999999995], [-121.951109, 37.78691000000001], [-121.95102000000001, 37.79500400000001], [-121.94748900000002, 37.79508500000001], [-121.94645999999999, 37.79450200000001], [-121.94647700000002, 37.793139000000004], [-121.941944, 37.79106], [-121.941942, 37.78879300000003], [-121.932844, 37.78890000000003], [-121.932785, 37.792388999999964], [-121.923715, 37.792410999999994], [-121.923766, 37.78825900000002], [-121.914505, 37.78877499999997], [-121.900635, 37.78866499999999], [-121.900663, 37.781403999999995], [-121.87811, 37.78127400000002], [-121.87848699999999, 37.77810799999997], [-121.87697799999998, 37.775739999999985], [-121.877015, 37.77336399999998], [-121.878978, 37.771874], [-121.88001500000001, 37.769320999999984], [-121.87919299999999, 37.76753100000002], [-121.8809, 37.76577000000001], [-121.88115000000002, 37.75863299999997], [-121.879615, 37.75755099999996], [-121.882852, 37.75284700000002], [-121.88259500000001, 37.74542600000001], [-121.88319500000001, 37.74299300000002], [-121.882077, 37.743343000000024], [-121.878248, 37.746395], [-121.87648200000001, 37.74880800000001], [-121.874921, 37.749588999999986], [-121.871569, 37.749455999999974], [-121.87162400000001, 37.743171999999944], [-121.870733, 37.74008600000001], [-121.917374, 37.72889700000002], [-121.920018, 37.735817000000004], [-121.922807, 37.737951999999986], [-121.924768, 37.737845999999976], [-121.929494, 37.74382899999999], [-121.9293, 37.744715999999976], [-121.93108400000001, 37.744817999999995], [-121.932832, 37.747738000000034], [-121.938483, 37.75354000000001], [-121.94044899999999, 37.756210999999965], [-121.94086000000001, 37.75794100000003], [-121.944153, 37.75975000000003], [-121.95536200000001, 37.76898199999998], [-121.96363900000001, 37.77972999999999], [-121.964458, 37.781461]]]}}, {"id": "16631", "type": "Feature", "properties": {"zip": "94511", "place": "Bethel Island"}, "geometry": {"type": "Polygon", "coordinates": [[[-121.676334, 38.03711400000003], [-121.675232, 38.04117899999998], [-121.670954, 38.041197999999994], [-121.66422300000002, 38.042281000000024], [-121.661376, 38.04189000000004], [-121.660196, 38.04328299999999], [-121.660078, 38.04604000000001], [-121.658967, 38.047438999999954], [-121.65430399999998, 38.04660899999998], [-121.649309, 38.04697600000001], [-121.64866100000002, 38.046374000000036], [-121.64942500000001, 38.043355000000005], [-121.64886299999999, 38.04261899999999], [-121.64706400000001, 38.042966000000014], [-121.646502, 38.04503600000001], [-121.64489699999999, 38.046319999999994], [-121.64400200000001, 38.048168000000004], [-121.64235600000002, 38.04827899999995], [-121.640199, 38.04677400000002], [-121.63586200000002, 38.046274000000004], [-121.63427900000002, 38.044565], [-121.63302899999998, 38.041649000000014], [-121.631973, 38.04134300000005], [-121.629015, 38.04188500000001], [-121.62758500000001, 38.041161999999986], [-121.62777900000002, 38.03866200000004], [-121.627029, 38.037912000000006], [-121.625279, 38.03777399999994], [-121.623446, 38.035411999999994], [-121.620112, 38.03388499999999], [-121.618779, 38.032551], [-121.61322300000002, 38.029024000000014], [-121.60720400000001, 38.019084999999954], [-121.60769600000002, 38.01792600000001], [-121.61302900000001, 38.01376000000002], [-121.616237, 38.01376000000001], [-121.616751, 38.011523999999945], [-121.619603, 38.012774], [-121.62194600000001, 38.011124999999964], [-121.627015, 38.00883399999998], [-121.62836, 38.00890899999999], [-121.63463, 38.01133700000005], [-121.641102, 38.012234000000014], [-121.64564800000001, 38.015948000000016], [-121.65048100000001, 38.01772500000003], [-121.65323, 38.01747299999998], [-121.654332, 38.018002999999965], [-121.661554, 38.02579500000001], [-121.662778, 38.026263], [-121.66313, 38.02792000000001], [-121.666889, 38.02833699999999], [-121.668065, 38.02989200000001], [-121.669963, 38.03076300000003], [-121.67339899999999, 38.03041099999996], [-121.67421300000001, 38.03102200000001], [-121.67399099999999, 38.03217900000002], [-121.67176, 38.033576999999994], [-121.67188900000001, 38.035262999999944], [-121.67288899999998, 38.036263], [-121.675241, 38.03600300000001], [-121.676334, 38.03711400000003]]]}}, {"id": "17273", "type": "Feature", "properties": {"zip": "94575", "place": "94575"}, "geometry": {"type": "Polygon", "coordinates": [[[-122.11582200000001, 37.84251199999999], [-122.11060400000001, 37.84494099999999], [-122.109316, 37.847191999999986], [-122.10875100000001, 37.84733700000003], [-122.10540400000001, 37.84343600000001], [-122.10923499999998, 37.838236999999936], [-122.11418800000001, 37.83985699999998], [-122.11489700000001, 37.84226600000001], [-122.11582200000001, 37.84251199999999]]]}}, {"id": "24086", "type": "Feature", "properties": {"zip": "94519", "place": "Concord"}, "geometry": {"type": "Polygon", "coordinates": [[[-122.033701, 37.988354000000065], [-122.033258, 37.99154999999999], [-122.02397600000002, 38.00441700000001], [-122.02295300000002, 38.00625299999994], [-122.02252000000001, 38.00947900000001], [-122.01125900000001, 38.011240999999984], [-122.001558, 38.00609299999999], [-122.00001700000001, 38.002291999999976], [-122.00192399999999, 37.99489399999999], [-122.00317000000001, 37.992452], [-121.984469, 37.97882100000001], [-121.987522, 37.976139999999994], [-121.99328800000002, 37.97785600000006], [-121.996284, 37.97792200000001], [-121.99896999999999, 37.97578900000002], [-121.996058, 37.973246999999965], [-121.998134, 37.971479000000016], [-122.000374, 37.971463999999976], [-122.000352, 37.97036799999999], [-122.005405, 37.96977100000003], [-122.00561099999999, 37.96900000000002], [-122.006195, 37.96916300000001], [-122.00596800000001, 37.97006300000004], [-122.007287, 37.97032899999998], [-122.007306, 37.97100599999999], [-122.007996, 37.97098999999998], [-122.007976, 37.97030899999998], [-122.00867, 37.970274999999994], [-122.008664, 37.969828], [-122.01335700000001, 37.97115500000004], [-122.013758, 37.970302999999994], [-122.015715, 37.970856000000005], [-122.015344, 37.97171499999998], [-122.028664, 37.97546200000001], [-122.02910400000002, 37.97736499999997], [-122.02996000000002, 37.97727200000001], [-122.03062700000001, 37.97818399999996], [-122.029593, 37.97854499999999], [-122.033701, 37.988354000000065]]]}}, {"id": "24087", "type": "Feature", "properties": {"zip": "94547", "place": "Hercules"}, "geometry": {"type": "Polygon", "coordinates": [[[-122.295117747547, 38.0151988352936], [-122.291616, 38.016967999999984], [-122.289588, 38.01947799999997], [-122.289206, 38.02049399999997], [-122.28990699999999, 38.02065900000002], [-122.29000215285899, 38.02146889381788], [-122.289413, 38.022274999999965], [-122.28699, 38.021097999999995], [-122.285129445404, 38.022562976122025], [-122.28347800000002, 38.02267399999996], [-122.27681600000001, 38.03051299999998], [-122.27568986273002, 38.03520095244454], [-122.27465499999998, 38.03481100000001], [-122.24806500000001, 38.008678999999965], [-122.23910000000001, 38.007218000000016], [-122.23650500000001, 38.003733000000004], [-122.23489200000002, 38.00448899999997], [-122.23020899999999, 37.99637799999998], [-122.22176900000001, 37.985889999999976], [-122.226511, 37.986197999999966], [-122.22718500000002, 37.98499099999999], [-122.234973, 37.984353999999975], [-122.235999, 37.98340599999997], [-122.249966, 37.99207600000002], [-122.25367699999998, 37.99361400000001], [-122.259538, 37.991759999999935], [-122.26507, 37.991872000000036], [-122.268913, 37.99273199999998], [-122.274881, 37.99506399999997], [-122.27807999999999, 38.000038999999965], [-122.282136, 38.000388999999984], [-122.27974600000002, 38.004006000000004], [-122.281647, 38.00410699999999], [-122.282804, 38.00678199999998], [-122.28497900000002, 38.00908099999999], [-122.28646599999999, 38.008278999999945], [-122.290731, 38.00793099999999], [-122.29077700000002, 38.008622], [-122.29476400000001, 38.013355], [-122.29309800000001, 38.01523100000002], [-122.295117747547, 38.0151988352936]]]}}, {"id": "24803", "type": "Feature", "properties": {"zip": "94564", "place": "Pinole"}, "geometry": {"type": "Polygon", "coordinates": [[[-122.31693800000001, 38.00231000000004], [-122.31766799999998, 38.00323000000001], [-122.31438599999998, 38.00476900000005], [-122.313324, 38.01096999999999], [-122.309253, 38.00991899999997], [-122.305541, 38.01046199999998], [-122.299466, 38.010237999999966], [-122.29774500000002, 38.011745999999945], [-122.296983792488, 38.01379050459633], [-122.295117747547, 38.0151988352936], [-122.29309800000001, 38.01523100000002], [-122.29476400000001, 38.013355], [-122.29077700000002, 38.008622], [-122.290731, 38.00793099999999], [-122.28646599999999, 38.008278999999945], [-122.28497900000002, 38.00908099999999], [-122.282804, 38.00678199999998], [-122.281647, 38.00410699999999], [-122.27974600000002, 38.004006000000004], [-122.282136, 38.000388999999984], [-122.27807999999999, 38.000038999999965], [-122.274881, 37.99506399999997], [-122.268913, 37.99273199999998], [-122.26507, 37.991872000000036], [-122.259538, 37.991759999999935], [-122.25367699999998, 37.99361400000001], [-122.249966, 37.99207600000002], [-122.235999, 37.98340599999997], [-122.234973, 37.984353999999975], [-122.22718500000002, 37.98499099999999], [-122.226511, 37.986197999999966], [-122.22176900000001, 37.985889999999976], [-122.204969, 37.96474199999999], [-122.208853, 37.96720400000003], [-122.21002300000002, 37.968680000000006], [-122.21512400000002, 37.97047400000003], [-122.216396, 37.969896999999996], [-122.21889300000001, 37.96978900000002], [-122.22153499999999, 37.97060499999999], [-122.22374799999999, 37.972760999999984], [-122.225796, 37.97347500000003], [-122.228709, 37.97347499999998], [-122.230873, 37.97503999999999], [-122.234465, 37.97396499999999], [-122.237347, 37.972104], [-122.241641, 37.97181600000004], [-122.243152, 37.971104999999994], [-122.24721500000001, 37.972157], [-122.250275, 37.973586], [-122.251357, 37.975228000000016], [-122.257637, 37.97762199999997], [-122.25608100000001, 37.976954000000006], [-122.25609600000001, 37.975142999999996], [-122.260689, 37.97294600000002], [-122.268048, 37.974269000000014], [-122.27885700000002, 37.98061800000002], [-122.27901999999999, 37.98247699999998], [-122.282175, 37.983450999999995], [-122.281955, 37.982037000000005], [-122.283903, 37.98316799999997], [-122.28766600000002, 37.983362], [-122.288475, 37.98429900000002], [-122.28623200000001, 37.98675499999999], [-122.288379, 37.987997999999976], [-122.290708, 37.98723800000001], [-122.290721, 37.989379000000014], [-122.29198499999998, 37.98964300000002], [-122.293693, 37.989030999999976], [-122.29186199999998, 37.98796000000001], [-122.291842, 37.986316999999964], [-122.294577, 37.98735299999999], [-122.29834900000002, 37.98609799999997], [-122.30047200000001, 37.985880000000044], [-122.300965, 37.98955599999996], [-122.30757899999999, 37.98945799999999], [-122.30745300000001, 37.98779000000001], [-122.31188100000001, 37.983785999999974], [-122.315559, 37.985641], [-122.31372800000001, 37.98901299999999], [-122.31386399999998, 37.99029999999999], [-122.307291, 37.992830000000026], [-122.31203199999999, 37.99849700000003], [-122.314171, 37.997418], [-122.314658, 37.997912000000014], [-122.315312, 37.997788], [-122.31519699999998, 37.997054000000034], [-122.31569, 37.99700499999998], [-122.31853599999998, 38.00159999999997], [-122.31693800000001, 38.00231000000004]]]}}, {"id": "25031", "type": "Feature", "properties": {"zip": "94806", "place": "San Pablo"}, "geometry": {"type": "Polygon", "coordinates": [[[-122.358893, 37.967636000000034], [-122.35628500000001, 37.99576000000001], [-122.35555100000002, 37.99777100000002], [-122.35335100000002, 38.00022700000001], [-122.350695, 38.00169099999999], [-122.34805200000001, 38.00231600000002], [-122.344108, 38.002181], [-122.334705, 38.00052900000003], [-122.33262899999998, 38.000730999999995], [-122.328193, 38.00254699999999], [-122.32866943315601, 38.003481479692574], [-122.32447099999999, 38.005622], [-122.31543900000001, 38.01161499999998], [-122.31333173114201, 38.01151090530134], [-122.31438599999998, 38.00476900000005], [-122.31766799999998, 38.00323000000001], [-122.31693800000001, 38.00231000000004], [-122.31853599999998, 38.00159999999997], [-122.31569, 37.99700499999998], [-122.31519699999998, 37.997054000000034], [-122.315312, 37.997788], [-122.314658, 37.997912000000014], [-122.314171, 37.997418], [-122.31203199999999, 37.99849700000003], [-122.307291, 37.992830000000026], [-122.31386399999998, 37.99029999999999], [-122.31372800000001, 37.98901299999999], [-122.31519899999999, 37.98676099999998], [-122.32140599999998, 37.967805999999996], [-122.32255200000002, 37.96633199999997], [-122.32924400000002, 37.962228000000025], [-122.33073000000002, 37.959486000000005], [-122.329943, 37.95590600000001], [-122.32807700000001, 37.95701400000004], [-122.327667, 37.958778999999964], [-122.329125, 37.96010999999998], [-122.3277, 37.96129900000001], [-122.32712100000002, 37.96059899999996], [-122.323771, 37.961976999999976], [-122.320224, 37.96202200000002], [-122.31912700000001, 37.962690000000045], [-122.31841800000001, 37.96029900000004], [-122.317386, 37.96119799999996], [-122.316474, 37.95700100000003], [-122.312325, 37.95678600000002], [-122.310466, 37.95546999999997], [-122.309985, 37.95599999999999], [-122.30824800000002, 37.95480300000002], [-122.30836800000002, 37.95267199999996], [-122.311408, 37.95266499999997], [-122.31139299999998, 37.95140699999999], [-122.314931, 37.95237600000002], [-122.316696, 37.95183400000003], [-122.316131, 37.953217999999985], [-122.318284, 37.95492299999998], [-122.31874899999998, 37.95403700000003], [-122.32381999999998, 37.954105], [-122.324403, 37.953845000000015], [-122.322077, 37.951996000000015], [-122.323676, 37.95012800000002], [-122.32349200000002, 37.94965400000004], [-122.326394, 37.949153999999965], [-122.32741699999998, 37.95129100000004], [-122.33024700000001, 37.951335000000014], [-122.331763, 37.95396300000003], [-122.33361599999999, 37.95325299999999], [-122.333912, 37.95175000000001], [-122.338452, 37.95316299999997], [-122.340315, 37.952483000000036], [-122.34158700000002, 37.954128999999995], [-122.343559, 37.95309099999998], [-122.347369, 37.95295199999999], [-122.347387, 37.95179100000003], [-122.34787499999999, 37.95178800000001], [-122.34742200000001, 37.94977800000003], [-122.35715900000001, 37.94982799999998], [-122.35712600000001, 37.95042999999998], [-122.35860800000002, 37.95044500000002], [-122.35734500000001, 37.96331700000001], [-122.35638700000001, 37.96718100000003], [-122.358893, 37.967636000000034]]]}}, {"id": "25108", "type": "Feature", "properties": {"zip": "94569", "place": "Port Costa"}, "geometry": {"type": "Polygon", "coordinates": [[[-122.20589500000001, 38.049288999999995], [-122.202897, 38.053987000000006], [-122.196291, 38.05277399999994], [-122.19269900000002, 38.05281199999995], [-122.190031, 38.052186000000006], [-122.18395900000002, 38.04881799999996], [-122.18254200000001, 38.046928000000015], [-122.17886, 38.04462000000004], [-122.17620699999999, 38.04013699999999], [-122.17476200000002, 38.03880199999997], [-122.173443, 38.03475599999997], [-122.174309, 38.034582999999984], [-122.17466699999999, 38.035974], [-122.17707499999999, 38.03629499999997], [-122.179425, 38.035663999999976], [-122.18061800000001, 38.03792700000002], [-122.183086, 38.03844999999996], [-122.182574, 38.03949299999998], [-122.183999, 38.04095199999996], [-122.18598300000001, 38.04092100000002], [-122.188674, 38.04202600000002], [-122.19244, 38.041119999999985], [-122.194985, 38.036347999999954], [-122.19424000000001, 38.03446], [-122.19127300000001, 38.03228100000007], [-122.191209, 38.031193000000016], [-122.189502, 38.030779000000024], [-122.187764, 38.02919400000004], [-122.19220399999999, 38.030024000000004], [-122.19408300000002, 38.02867699999996], [-122.19589600000002, 38.030493999999976], [-122.19523, 38.03242200000001], [-122.197345, 38.034743999999996], [-122.19770499999998, 38.03713300000001], [-122.197289, 38.038958999999984], [-122.20034399999999, 38.04098900000001], [-122.20180900000001, 38.04137300000004], [-122.204447, 38.04480799999998], [-122.20583200000002, 38.04545700000002], [-122.20589500000001, 38.049288999999995]]]}}, {"id": "25131", "type": "Feature", "properties": {"zip": "94523", "place": "Pleasant Hill"}, "geometry": {"type": "Polygon", "coordinates": [[[-122.104371, 37.97273000000002], [-122.099898, 37.97595599999999], [-122.077818, 37.97615299999998], [-122.077797, 37.97796200000003], [-122.0773, 37.97796100000003], [-122.07713199999999, 37.97936500000001], [-122.07658900000001, 37.97884800000002], [-122.076191, 37.97934800000003], [-122.07709000000001, 37.98134600000003], [-122.078914, 37.981497], [-122.07729700000002, 37.982392000000004], [-122.07407900000001, 37.981207000000005], [-122.06597100000002, 37.98183600000001], [-122.06413799999999, 37.976069999999964], [-122.06456799999998, 37.97579699999997], [-122.06403500000002, 37.974046], [-122.062851, 37.97372399999998], [-122.06070800000002, 37.97065999999998], [-122.063181, 37.97033700000005], [-122.061707, 37.96241599999999], [-122.05618100000001, 37.96606600000001], [-122.05255400000001, 37.95872100000002], [-122.054435, 37.953962000000026], [-122.05380300000002, 37.95162199999999], [-122.051637, 37.94754600000001], [-122.050666, 37.94701800000003], [-122.049776, 37.94546599999998], [-122.04978899999999, 37.94267800000002], [-122.051393, 37.94277399999996], [-122.051798, 37.940424], [-122.05296599999998, 37.94047400000004], [-122.05301699999998, 37.936689], [-122.05502200000001, 37.93669400000001], [-122.054533, 37.93945999999999], [-122.056162, 37.93851999999998], [-122.059654, 37.938537999999994], [-122.058973, 37.936661], [-122.056875, 37.93667400000001], [-122.056837, 37.93471599999999], [-122.05343600000002, 37.934769999999936], [-122.053673, 37.93322300000001], [-122.054441, 37.93322300000003], [-122.05405200000001, 37.931976], [-122.054985, 37.93253000000002], [-122.05847200000001, 37.932568], [-122.05896200000001, 37.93321499999994], [-122.060052, 37.93331900000002], [-122.06008400000002, 37.93169500000002], [-122.06153199999999, 37.932328], [-122.070234, 37.933341000000055], [-122.07349999999998, 37.93334500000002], [-122.07350800000002, 37.926336], [-122.08585700000002, 37.92614799999999], [-122.087997, 37.92525999999998], [-122.08874599999999, 37.927257000000026], [-122.086451, 37.92785599999995], [-122.086753, 37.931862999999964], [-122.088425, 37.93186500000003], [-122.09069499999998, 37.93540299999998], [-122.089576, 37.93675999999998], [-122.089876, 37.94086100000004], [-122.09321000000001, 37.94081800000004], [-122.09468, 37.94318599999998], [-122.09802399999998, 37.94359700000001], [-122.09806499999999, 37.94563099999999], [-122.09673800000002, 37.94703899999998], [-122.09849499999999, 37.94744399999995], [-122.098661, 37.94824099999996], [-122.100923, 37.95061299999993], [-122.09893099999998, 37.95188100000001], [-122.10239499999999, 37.95497699999998], [-122.09321699999998, 37.955063], [-122.091854, 37.95638599999997], [-122.091161, 37.95651000000002], [-122.092346, 37.95994599999999], [-122.094012, 37.960207000000025], [-122.098833, 37.967119], [-122.10108899999999, 37.96935399999996], [-122.10231000000002, 37.96983300000001], [-122.102015, 37.97150599999997], [-122.104371, 37.97273000000002]]]}}, {"id": "25147", "type": "Feature", "properties": {"zip": "94583", "place": "San Ramon"}, "geometry": {"type": "Polygon", "coordinates": [[[-122.070669, 37.83555900000003], [-122.061419, 37.83560899999999], [-122.061569, 37.84298299999999], [-122.04788, 37.84220499999999], [-122.04788, 37.83876000000003], [-122.04330600000002, 37.83845699999994], [-122.04331200000001, 37.83750899999998], [-122.03783099999998, 37.837707000000016], [-122.03619600000002, 37.83710800000004], [-122.02658600000001, 37.827886000000014], [-122.02593799999998, 37.82786100000002], [-122.02508200000001, 37.825790999999995], [-122.028549, 37.827650999999996], [-122.02863300000001, 37.82517999999996], [-122.02482400000001, 37.825238], [-122.023936, 37.82356900000001], [-122.025999, 37.82360500000001], [-122.02555600000001, 37.821655999999955], [-122.026035, 37.82085500000002], [-122.026076, 37.809064000000006], [-122.01503200000002, 37.809064000000006], [-122.014628, 37.80844400000002], [-122.00743900000002, 37.80834800000002], [-122.007196, 37.80944000000003], [-122.00379, 37.81060999999999], [-122.000826, 37.809706999999996], [-122.00239, 37.8083], [-122.00570400000001, 37.808303999999964], [-122.005439, 37.793292000000015], [-121.99369799999998, 37.793671], [-121.99383299999998, 37.790618999999985], [-121.99280500000002, 37.78700099999997], [-121.992137, 37.78737799999999], [-121.991204, 37.786435000000026], [-121.98075300000002, 37.78667399999996], [-121.98051999999998, 37.78720400000004], [-121.976468, 37.779927999999984], [-121.968637, 37.78295400000001], [-121.966875, 37.780485], [-121.964458, 37.781461], [-121.96363900000001, 37.77972999999999], [-121.95536200000001, 37.76898199999998], [-121.944153, 37.75975000000003], [-121.94086000000001, 37.75794100000003], [-121.94044899999999, 37.756210999999965], [-121.938483, 37.75354000000001], [-121.932832, 37.747738000000034], [-121.93108400000001, 37.744817999999995], [-121.9293, 37.744715999999976], [-121.929494, 37.74382899999999], [-121.924768, 37.737845999999976], [-121.922807, 37.737951999999986], [-121.920018, 37.735817000000004], [-121.917374, 37.72889700000002], [-121.96004, 37.71853099999999], [-121.971938, 37.73032399999997], [-121.980104, 37.731104999999985], [-121.988097, 37.73314899999997], [-121.995426, 37.738350999999994], [-121.99949799999999, 37.73843000000001], [-122.00107100000001, 37.739028], [-122.011771, 37.747427999999985], [-122.01129100000001, 37.75417200000002], [-122.01077100000002, 37.755127000000016], [-121.99741100000001, 37.763359999999984], [-122.01407200000001, 37.78022700000001], [-122.017772, 37.78122699999999], [-122.021972, 37.784227000000016], [-122.030472, 37.78772700000005], [-122.043271, 37.79662899999999], [-122.04316599999999, 37.79915899999999], [-122.04411700000001, 37.800617], [-122.042808, 37.801974999999985], [-122.044602, 37.80338299999994], [-122.04642200000002, 37.80395], [-122.04674400000002, 37.80532699999998], [-122.047842, 37.80568099999999], [-122.050492, 37.80968099999996], [-122.04778400000001, 37.81206599999998], [-122.046313, 37.812568000000006], [-122.044295, 37.81212300000002], [-122.05464400000001, 37.821059], [-122.06146800000002, 37.82346399999997], [-122.063214, 37.82579500000001], [-122.06702000000001, 37.82851600000001], [-122.07077600000001, 37.82876600000001], [-122.070669, 37.83555900000003]]]}}, {"id": "25161", "type": "Feature", "properties": {"zip": "94530", "place": "El Cerrito"}, "geometry": {"type": "Polygon", "coordinates": [[[-122.323166, 37.93088700000001], [-122.32038, 37.93112000000005], [-122.320323, 37.93834199999997], [-122.303575, 37.93820400000001], [-122.30318900000002, 37.939122999999995], [-122.307602, 37.94272999999999], [-122.311069, 37.94360299999995], [-122.311904, 37.945127], [-122.31130899999998, 37.945596], [-122.311325, 37.946725000000015], [-122.30577, 37.94199000000003], [-122.30193400000002, 37.940819], [-122.298729, 37.93718200000003], [-122.29198, 37.93452400000005], [-122.29152, 37.93338500000001], [-122.28899100000001, 37.93368100000002], [-122.28820799999998, 37.93206000000003], [-122.282612, 37.92616900000005], [-122.28176000000002, 37.92409199999996], [-122.280027, 37.92242099999999], [-122.27856300000002, 37.92000600000002], [-122.27936500000001, 37.91960899999999], [-122.275874, 37.916746], [-122.271296, 37.914058000000004], [-122.27252500000002, 37.911918000000014], [-122.27336800000002, 37.91105100000005], [-122.278502, 37.915322000000025], [-122.279002, 37.916594], [-122.281207, 37.918696999999995], [-122.282552, 37.918902999999965], [-122.28908399999999, 37.914253], [-122.287181, 37.909912999999946], [-122.289055, 37.90907600000004], [-122.288456, 37.905623], [-122.29104100000002, 37.904153000000015], [-122.28865, 37.903595999999986], [-122.28816899999998, 37.897835000000036], [-122.289884, 37.897553], [-122.296207, 37.898925], [-122.299648, 37.898098000000005], [-122.30218000000002, 37.89852500000004], [-122.305407, 37.89816300000003], [-122.307211, 37.90141599999997], [-122.306697, 37.901569000000045], [-122.30705400000001, 37.902503999999986], [-122.30808600000002, 37.90134600000001], [-122.30875399999998, 37.90123400000002], [-122.30853400000001, 37.90094899999998], [-122.30989100000001, 37.90202399999999], [-122.30585800000001, 37.90379699999997], [-122.305528, 37.90545400000001], [-122.310767, 37.913568999999995], [-122.312396, 37.91467500000002], [-122.311943, 37.91599599999999], [-122.31316399999999, 37.91672999999999], [-122.314852, 37.91908299999999], [-122.32069, 37.919236999999995], [-122.32069799999998, 37.927297999999986], [-122.323166, 37.93088700000001]]]}}, {"id": "25162", "type": "Feature", "properties": {"zip": "94531", "place": "Antioch"}, "geometry": {"type": "Polygon", "coordinates": [[[-121.82312499999999, 37.959851999999934], [-121.82177900000002, 37.96281200000003], [-121.822413, 37.965344999999985], [-121.81279400000001, 37.96546300000001], [-121.808229, 37.96746900000004], [-121.805461, 37.96757499999996], [-121.80490400000001, 37.97361399999999], [-121.803151, 37.97620899999999], [-121.80441699999999, 37.977391999999966], [-121.80356400000001, 37.97809000000001], [-121.796528, 37.97143899999999], [-121.785912, 37.968060000000015], [-121.78501500000002, 37.96956400000003], [-121.78223, 37.97120799999997], [-121.78596600000002, 37.975915000000036], [-121.786415, 37.97782700000004], [-121.786105, 37.97897800000001], [-121.78423400000001, 37.980783999999964], [-121.783828, 37.98242399999999], [-121.785389, 37.98480099999998], [-121.78569000000002, 37.987313], [-121.78757600000002, 37.98731400000001], [-121.78758200000001, 37.99035099999998], [-121.784592, 37.990162000000005], [-121.78390100000001, 37.99293600000004], [-121.78534200000001, 37.996118999999936], [-121.771461, 37.99369799999997], [-121.76177299999999, 37.99031200000001], [-121.75931300000002, 37.99048500000001], [-121.75509899999999, 37.98990000000003], [-121.751845, 37.98846400000005], [-121.75025800000002, 37.987036], [-121.739406, 37.971348000000006], [-121.73900200000001, 37.96876699999999], [-121.73941099999999, 37.96668800000001], [-121.743223, 37.961689], [-121.75079600000001, 37.961760999999974], [-121.751019, 37.93256700000002], [-121.75548599999999, 37.932538], [-121.75552800000001, 37.92528299999997], [-121.778112, 37.92526900000001], [-121.77861700000001, 37.92084799999999], [-121.78495599999998, 37.92190300000002], [-121.804692, 37.929938], [-121.80469300000001, 37.932401999999996], [-121.81273600000002, 37.93240200000001], [-121.81696699999999, 37.934169], [-121.82064, 37.93467999999998], [-121.82205900000001, 37.935528000000026], [-121.822168, 37.937495000000006], [-121.82403799999999, 37.93835600000002], [-121.82403700000002, 37.93889699999997], [-121.805397, 37.938996], [-121.80539599999999, 37.93938499999998], [-121.802495, 37.93953799999997], [-121.806602, 37.94574299999997], [-121.805423, 37.947406], [-121.805286, 37.95058899999997], [-121.80422499999999, 37.95196199999998], [-121.802997, 37.95219000000002], [-121.8037, 37.953418], [-121.80538900000002, 37.953873999999935], [-121.822347, 37.953754999999965], [-121.824053, 37.95459000000002], [-121.82312499999999, 37.959851999999934]]]}}, {"id": "25181", "type": "Feature", "properties": {"zip": "94596", "place": "Walnut Creek"}, "geometry": {"type": "Polygon", "coordinates": [[[-122.07087800000001, 37.898115999999966], [-122.06940100000001, 37.90532699999998], [-122.066246, 37.914628], [-122.06408400000001, 37.917261000000025], [-122.06277, 37.91724699999998], [-122.06371199999998, 37.911771000000016], [-122.060085, 37.911647000000016], [-122.059491, 37.91530300000005], [-122.05801800000002, 37.915311999999986], [-122.05800300000001, 37.91710600000003], [-122.056315, 37.91715400000005], [-122.058365, 37.91054599999999], [-122.05781100000002, 37.907083000000014], [-122.05489000000001, 37.90812700000003], [-122.05446699999999, 37.90726100000001], [-122.05207700000001, 37.90806400000006], [-122.052039, 37.906708], [-122.05134400000001, 37.90690899999997], [-122.05105900000001, 37.90630599999999], [-122.051727, 37.90596500000004], [-122.050039, 37.902256], [-122.05062399999998, 37.901174], [-122.04936299999999, 37.899550000000005], [-122.04151799999998, 37.90007799999996], [-122.035943, 37.899648999999954], [-122.032563, 37.894788999999996], [-122.03231100000002, 37.89704300000002], [-122.03031400000002, 37.89933099999999], [-122.03030200000002, 37.900765], [-122.03335100000001, 37.90201099999997], [-122.033373, 37.90342400000001], [-122.029572, 37.90242400000002], [-122.025594, 37.900592999999965], [-122.025053, 37.899611000000036], [-122.019223, 37.89831200000002], [-122.002432, 37.89150500000003], [-121.999808, 37.88433500000004], [-122.01488499999999, 37.880532000000024], [-122.01028600000001, 37.871866000000004], [-122.020034, 37.873520000000006], [-122.020163, 37.86646699999999], [-122.023239, 37.86640900000003], [-122.02317100000002, 37.87195200000003], [-122.026051, 37.87340200000005], [-122.02615099999998, 37.86648799999995], [-122.028605, 37.865835000000004], [-122.028934, 37.86789799999997], [-122.035453, 37.867837999999985], [-122.037029, 37.86570699999999], [-122.03879000000002, 37.86872200000002], [-122.040902, 37.869666], [-122.04377500000001, 37.873653], [-122.047514, 37.877405999999965], [-122.05007100000002, 37.88084599999993], [-122.055021, 37.885603999999965], [-122.057801, 37.88937200000001], [-122.06972, 37.89538599999999], [-122.07065300000001, 37.89655900000004], [-122.07087800000001, 37.898115999999966]]]}}, {"id": "25182", "type": "Feature", "properties": {"zip": "94597", "place": "Walnut Creek"}, "geometry": {"type": "Polygon", "coordinates": [[[-122.10001100000001, 37.917397999999984], [-122.09177199999999, 37.917303], [-122.092546, 37.92033199999999], [-122.094706, 37.91933100000001], [-122.09649800000001, 37.92075000000001], [-122.09589, 37.92188300000004], [-122.09325500000001, 37.92249200000004], [-122.092452, 37.92082700000001], [-122.09118300000002, 37.92112700000003], [-122.091041, 37.92073900000004], [-122.089522, 37.92142500000001], [-122.089469, 37.92494399999998], [-122.086334, 37.92603399999996], [-122.07350800000002, 37.926336], [-122.07349999999998, 37.93334500000002], [-122.070234, 37.933341000000055], [-122.06153199999999, 37.932328], [-122.06008400000002, 37.93169500000002], [-122.060052, 37.93331900000002], [-122.05896200000001, 37.93321499999994], [-122.05847200000001, 37.932568], [-122.054985, 37.93253000000002], [-122.05405200000001, 37.931976], [-122.054441, 37.93322300000003], [-122.053673, 37.93322300000001], [-122.05343600000002, 37.934769999999936], [-122.056837, 37.93471599999999], [-122.056875, 37.93667400000001], [-122.058973, 37.936661], [-122.059654, 37.938537999999994], [-122.056162, 37.93851999999998], [-122.054533, 37.93945999999999], [-122.05502200000001, 37.93669400000001], [-122.05301699999998, 37.936689], [-122.05296599999998, 37.94047400000004], [-122.051798, 37.940424], [-122.052287, 37.937585000000034], [-122.05068100000001, 37.938003000000016], [-122.04688, 37.93406600000003], [-122.04764200000001, 37.93366900000001], [-122.047232, 37.93295599999993], [-122.04786300000002, 37.930882], [-122.04766, 37.92901500000002], [-122.049527, 37.928903999999996], [-122.051115, 37.927178], [-122.051037, 37.92645800000001], [-122.04889799999998, 37.926039999999986], [-122.05055, 37.92088100000006], [-122.053865, 37.919805000000025], [-122.054537, 37.91757199999999], [-122.052172, 37.917857000000026], [-122.05208599999999, 37.917557], [-122.051977, 37.91541399999997], [-122.05335200000002, 37.911793000000024], [-122.05227199999999, 37.90899900000001], [-122.05781100000002, 37.907083000000014], [-122.058365, 37.91054599999999], [-122.056315, 37.91715400000005], [-122.05800300000001, 37.91710600000003], [-122.05801800000002, 37.915311999999986], [-122.059491, 37.91530300000005], [-122.060085, 37.911647000000016], [-122.06371199999998, 37.911771000000016], [-122.06277, 37.91724699999998], [-122.06408400000001, 37.917261000000025], [-122.066246, 37.914628], [-122.06940100000001, 37.90532699999998], [-122.07087800000001, 37.898115999999966], [-122.07065300000001, 37.89655900000004], [-122.075539, 37.895833000000025], [-122.08471899999999, 37.897785000000006], [-122.092782, 37.89763399999998], [-122.09290300000002, 37.90072699999999], [-122.092274, 37.902624], [-122.09070099999998, 37.89978200000003], [-122.08669, 37.89868099999996], [-122.08528999999999, 37.89868999999997], [-122.086021, 37.89908100000002], [-122.083874, 37.90056600000003], [-122.08357600000001, 37.902774], [-122.08395700000001, 37.90417399999998], [-122.08206500000001, 37.90444699999997], [-122.08210400000002, 37.90485199999999], [-122.08066000000001, 37.90474699999998], [-122.080635, 37.90640600000006], [-122.08471099999998, 37.908118], [-122.08657, 37.910594999999965], [-122.089913, 37.91016700000001], [-122.09905500000002, 37.91020800000001], [-122.098415, 37.91237199999995], [-122.10001100000001, 37.917397999999984]]]}}, {"id": "25194", "type": "Feature", "properties": {"zip": "94598", "place": "Walnut Creek"}, "geometry": {"type": "Polygon", "coordinates": [[[-122.05489000000001, 37.90812700000003], [-122.05227199999999, 37.90899900000001], [-122.05335200000002, 37.911793000000024], [-122.051977, 37.91541399999997], [-122.05208599999999, 37.917557], [-122.052172, 37.917857000000026], [-122.054537, 37.91757199999999], [-122.053865, 37.919805000000025], [-122.05055, 37.92088100000006], [-122.04889799999998, 37.926039999999986], [-122.051037, 37.92645800000001], [-122.051115, 37.927178], [-122.049527, 37.928903999999996], [-122.04766, 37.92901500000002], [-122.04786300000002, 37.930882], [-122.047232, 37.93295599999993], [-122.04764200000001, 37.93366900000001], [-122.03587, 37.939393000000024], [-122.03320399999998, 37.93641600000003], [-122.03489400000001, 37.93554800000002], [-122.033704, 37.934196000000014], [-122.035129, 37.93347000000004], [-122.03378300000001, 37.93199600000001], [-122.02902000000002, 37.93444600000001], [-122.02630699999999, 37.93147100000002], [-122.019076, 37.935596], [-122.017453, 37.93560699999996], [-122.010304, 37.940470999999995], [-122.007711, 37.93953200000001], [-122.008044, 37.937891000000015], [-122.005658, 37.93635899999999], [-122.00447200000002, 37.93445099999996], [-122.00388499999998, 37.93071300000001], [-122.001003, 37.93453600000001], [-121.99770200000002, 37.93720800000001], [-121.99709000000001, 37.93835499999999], [-121.9969, 37.94268700000001], [-121.98531200000001, 37.93434299999997], [-121.986108, 37.933208999999934], [-121.983674, 37.92977599999999], [-121.985123, 37.927756000000045], [-121.98426600000002, 37.92584200000004], [-121.980606, 37.92386000000002], [-121.980614, 37.92295299999999], [-121.97828800000002, 37.919799000000005], [-121.97892800000001, 37.91764499999999], [-121.977157, 37.91610500000001], [-121.981538, 37.91096000000008], [-121.989461, 37.89978100000002], [-121.990644, 37.89958399999998], [-121.98816900000001, 37.898120999999946], [-121.988822, 37.89717700000004], [-121.98799000000001, 37.89468800000002], [-121.985463, 37.89216799999999], [-121.98178900000002, 37.88990100000001], [-121.97770699999998, 37.88527300000005], [-121.96290100000002, 37.88820800000003], [-121.94073700000001, 37.88814999999998], [-121.94089200000002, 37.881437000000034], [-121.914055, 37.88194500000004], [-121.91438400000001, 37.86214899999999], [-121.910987, 37.85834100000001], [-121.91100100000001, 37.84608599999997], [-121.893393, 37.846088999999964], [-121.895966, 37.83822999999998], [-121.909171, 37.840316000000016], [-121.921069, 37.84302499999995], [-121.923752, 37.844742000000004], [-121.92775999999999, 37.84606000000006], [-121.933868, 37.85039100000001], [-121.93348500000002, 37.85234999999998], [-121.936994, 37.854351], [-121.93973400000002, 37.85437799999997], [-121.94081200000001, 37.855102000000024], [-121.943579, 37.854744999999994], [-121.945283, 37.855332999999995], [-121.94772400000001, 37.85490200000003], [-121.949975, 37.85518099999995], [-121.950836, 37.854198999999994], [-121.954552, 37.855776000000006], [-121.955309, 37.85516899999996], [-121.956474, 37.85791799999999], [-121.963959, 37.860572999999974], [-121.96584099999998, 37.86059299999998], [-121.96666500000002, 37.859785999999964], [-121.96929600000001, 37.86242499999996], [-121.98909100000002, 37.86180699999997], [-121.98990800000001, 37.86837], [-121.998343, 37.86983099999998], [-121.997127, 37.87232900000003], [-122.001811, 37.873722000000015], [-122.00048899999999, 37.87698500000002], [-122.003474, 37.877760999999964], [-122.00642, 37.879784999999984], [-122.009892, 37.877893], [-122.011716, 37.87455999999998], [-122.01488499999999, 37.880532000000024], [-121.999808, 37.88433500000004], [-122.002432, 37.89150500000003], [-122.019223, 37.89831200000002], [-122.025053, 37.899611000000036], [-122.025594, 37.900592999999965], [-122.029572, 37.90242400000002], [-122.033373, 37.90342400000001], [-122.03335100000001, 37.90201099999997], [-122.03030200000002, 37.900765], [-122.03031400000002, 37.89933099999999], [-122.03231100000002, 37.89704300000002], [-122.032563, 37.894788999999996], [-122.035943, 37.899648999999954], [-122.04151799999998, 37.90007799999996], [-122.04936299999999, 37.899550000000005], [-122.05062399999998, 37.901174], [-122.050039, 37.902256], [-122.051727, 37.90596500000004], [-122.05105900000001, 37.90630599999999], [-122.05134400000001, 37.90690899999997], [-122.052039, 37.906708], [-122.05207700000001, 37.90806400000006], [-122.05446699999999, 37.90726100000001], [-122.05489000000001, 37.90812700000003]]]}}, {"id": "25219", "type": "Feature", "properties": {"zip": "94561", "place": "Oakley"}, "geometry": {"type": "Polygon", "coordinates": [[[-121.75825, 37.990949], [-121.75647400000001, 37.99305900000003], [-121.75238399999999, 38.00925699999998], [-121.75076299999999, 38.009082], [-121.750893, 38.01671300000001], [-121.75142, 38.01695500000004], [-121.751593, 38.019749000000026], [-121.75059400000002, 38.01956000000001], [-121.75054700000001, 38.021082999999976], [-121.749142, 38.020323999999945], [-121.743723, 38.02039499999994], [-121.740139, 38.019918000000004], [-121.73904, 38.016977000000004], [-121.73489500000001, 38.01514199999998], [-121.732284, 38.01474900000002], [-121.731535, 38.015099999999954], [-121.730132, 38.013172999999995], [-121.73036, 38.013774999999995], [-121.729964, 38.014348], [-121.729697, 38.014146000000004], [-121.72975, 38.01343699999999], [-121.728754, 38.01244600000001], [-121.726741, 38.01208400000002], [-121.725973, 38.01231500000001], [-121.725973, 38.01280800000003], [-121.723815, 38.010686000000064], [-121.72063000000001, 38.008828999999956], [-121.718028, 38.00802099999997], [-121.71801299999998, 38.00861100000003], [-121.71615999999999, 38.00869900000004], [-121.714759, 38.007291999999964], [-121.714437, 38.00771800000003], [-121.714432, 38.006574], [-121.713966, 38.00627100000002], [-121.71422900000002, 38.006946], [-121.71378499999999, 38.00724600000001], [-121.712054, 38.006296000000006], [-121.710279, 38.00608999999996], [-121.709616, 38.006553999999994], [-121.696958, 38.006383000000014], [-121.69680800000002, 38.00734299999997], [-121.695222, 38.007175], [-121.691553, 38.005335000000045], [-121.690944, 38.01035199999998], [-121.68948399999998, 38.01334600000001], [-121.684759, 38.01351100000001], [-121.68232800000001, 38.011998999999975], [-121.678587, 38.011031999999986], [-121.674752, 38.01231700000002], [-121.667369, 38.01321399999994], [-121.64894100000001, 38.013140999999976], [-121.63463, 38.01133700000005], [-121.62836, 38.00890899999999], [-121.62458500000001, 37.99784800000001], [-121.62258599999998, 37.97622099999998], [-121.64022400000002, 37.97615899999998], [-121.649378, 37.983313], [-121.668446, 37.98339299999999], [-121.668449, 37.98111600000002], [-121.677568, 37.981131000000026], [-121.677631, 37.96884200000003], [-121.685443, 37.968855999999974], [-121.685443, 37.96615100000001], [-121.691442, 37.96615299999999], [-121.69143400000002, 37.967929], [-121.69603100000002, 37.96795699999998], [-121.696026, 37.96879299999998], [-121.72993199999999, 37.96879600000001], [-121.743619, 37.983102999999986], [-121.747416, 37.983069999999984], [-121.75025800000002, 37.987036], [-121.751845, 37.98846400000005], [-121.75509899999999, 37.98990000000003], [-121.75931300000002, 37.99048500000001], [-121.75825, 37.990949]]]}}, {"id": "25236", "type": "Feature", "properties": {"zip": "94804", "place": "Richmond"}, "geometry": {"type": "Polygon", "coordinates": [[[-122.38133100000002, 37.927712000000035], [-122.378189, 37.92725200000002], [-122.378348, 37.93024200000003], [-122.37751500000002, 37.93135800000002], [-122.357099, 37.93112399999998], [-122.34724200000001, 37.93154399999999], [-122.347895, 37.93201499999999], [-122.347523, 37.938468], [-122.348021, 37.93847100000001], [-122.348207, 37.94031199999996], [-122.347954, 37.94382800000004], [-122.347471, 37.94383200000003], [-122.34739700000002, 37.95103599999999], [-122.34786200000002, 37.951032999999995], [-122.34787499999999, 37.95178800000001], [-122.347387, 37.95179100000003], [-122.347369, 37.95295199999999], [-122.343559, 37.95309099999998], [-122.34158700000002, 37.954128999999995], [-122.340315, 37.952483000000036], [-122.338452, 37.95316299999997], [-122.333912, 37.95175000000001], [-122.33246600000001, 37.94924299999998], [-122.33218499999998, 37.94741699999999], [-122.335438, 37.94705300000002], [-122.334999, 37.94669299999996], [-122.33499700000002, 37.945516], [-122.335431, 37.94554299999999], [-122.335089, 37.94398000000001], [-122.33552500000002, 37.94394200000004], [-122.336344, 37.93885300000002], [-122.33685299999999, 37.93856], [-122.337838, 37.93435199999999], [-122.341126, 37.93480599999998], [-122.34135400000001, 37.93144400000001], [-122.32549800000001, 37.931254], [-122.323166, 37.93088700000001], [-122.32069799999998, 37.927297999999986], [-122.32069, 37.919236999999995], [-122.314852, 37.91908299999999], [-122.31316399999999, 37.91672999999999], [-122.311943, 37.91599599999999], [-122.312396, 37.91467500000002], [-122.310767, 37.913568999999995], [-122.30592200000001, 37.906580999999996], [-122.305528, 37.90545400000001], [-122.30585800000001, 37.90379699999997], [-122.30989100000001, 37.90202399999999], [-122.30853400000001, 37.90094899999998], [-122.30875399999998, 37.90123400000002], [-122.30808600000002, 37.90134600000001], [-122.30705400000001, 37.902503999999986], [-122.306697, 37.901569000000045], [-122.307211, 37.90141599999997], [-122.305407, 37.89816300000003], [-122.31135900000001, 37.897490000000026], [-122.312530481444, 37.89676078692059], [-122.314786, 37.89868799999997], [-122.319005, 37.89785700000004], [-122.322332, 37.89541899999999], [-122.32542000000001, 37.897778], [-122.32477100000001, 37.901867000000045], [-122.32164500000002, 37.90508899999997], [-122.325112, 37.90807399999996], [-122.33569300000002, 37.910307], [-122.34467400000001, 37.907235], [-122.35228000000001, 37.90760999999996], [-122.35311799999998, 37.90958000000007], [-122.36043699999999, 37.90952999999994], [-122.361849, 37.917430999999986], [-122.36476400000001, 37.91792800000001], [-122.36549, 37.91576600000001], [-122.363534, 37.90561099999999], [-122.36778375833698, 37.904726378310826], [-122.36897500000002, 37.90973899999997], [-122.367734, 37.90983500000004], [-122.37137500000001, 37.91124900000003], [-122.369031, 37.91254399999994], [-122.370992, 37.914284], [-122.369665, 37.914305000000006], [-122.37250100000001, 37.917757999999985], [-122.37721, 37.92016400000002], [-122.378201, 37.92166199999999], [-122.37819699999999, 37.92320999999999], [-122.380689, 37.92374699999997], [-122.380664, 37.925289999999976], [-122.383308, 37.92542599999997], [-122.38133100000002, 37.927712000000035]]]}}, {"id": "25306", "type": "Feature", "properties": {"zip": "94518", "place": "Concord"}, "geometry": {"type": "Polygon", "coordinates": [[[-122.052287, 37.937585000000034], [-122.051393, 37.94277399999996], [-122.04978899999999, 37.94267800000002], [-122.049776, 37.94546599999998], [-122.050666, 37.94701800000003], [-122.051637, 37.94754600000001], [-122.050853, 37.948084999999985], [-122.05042500000002, 37.94723300000003], [-122.047042, 37.948076000000015], [-122.04786700000001, 37.950155000000024], [-122.043257, 37.95335100000004], [-122.042719, 37.95285500000001], [-122.042145, 37.95324000000004], [-122.042677, 37.953760999999986], [-122.03317000000001, 37.960433000000016], [-122.031728, 37.964073999999975], [-122.03081000000002, 37.96416699999998], [-122.031229, 37.968387], [-122.02841, 37.975386999999984], [-122.015344, 37.97171499999998], [-122.015715, 37.970856000000005], [-122.013758, 37.970302999999994], [-122.01335700000001, 37.97115500000004], [-122.009362, 37.970004999999986], [-122.00864000000001, 37.965932000000016], [-122.007519, 37.96606799999998], [-122.007339, 37.965349999999994], [-122.006739, 37.96540800000001], [-122.00633799999999, 37.96373600000003], [-122.008122, 37.96312700000003], [-122.00802800000001, 37.96165300000003], [-122.001174, 37.955751000000035], [-122.00161499999999, 37.95545000000003], [-121.99689500000001, 37.95042599999998], [-121.99629199999998, 37.95066799999997], [-121.99518900000001, 37.94901800000001], [-121.992234, 37.947157999999995], [-121.995104, 37.94552999999999], [-121.9969, 37.94268700000001], [-121.99709000000001, 37.93835499999999], [-121.99770200000002, 37.93720800000001], [-122.001003, 37.93453600000001], [-122.00388499999998, 37.93071300000001], [-122.00447200000002, 37.93445099999996], [-122.005658, 37.93635899999999], [-122.008044, 37.937891000000015], [-122.007711, 37.93953200000001], [-122.010304, 37.940470999999995], [-122.017453, 37.93560699999996], [-122.019076, 37.935596], [-122.02630699999999, 37.93147100000002], [-122.02902000000002, 37.93444600000001], [-122.03378300000001, 37.93199600000001], [-122.035129, 37.93347000000004], [-122.033704, 37.934196000000014], [-122.03489400000001, 37.93554800000002], [-122.03320399999998, 37.93641600000003], [-122.03587, 37.939393000000024], [-122.046674, 37.93384199999996], [-122.05068100000001, 37.938003000000016], [-122.052287, 37.937585000000034]]]}}, {"id": "25331", "type": "Feature", "properties": {"zip": "94514", "place": "Byron"}, "geometry": {"type": "Polygon", "coordinates": [[[-121.69824100000001, 37.84785200000001], [-121.69493500000002, 37.84986900000001], [-121.69557200000001, 37.85131899999999], [-121.694697, 37.85385599999997], [-121.696303, 37.85398099999998], [-121.69460200000002, 37.854112], [-121.693614, 37.85195499999997], [-121.689722, 37.849624], [-121.683183, 37.84807499999998], [-121.681496, 37.84867799999999], [-121.67722400000001, 37.84849599999998], [-121.67586199999998, 37.84939400000001], [-121.671894, 37.84774199999998], [-121.667332, 37.846711], [-121.66379600000002, 37.84498600000002], [-121.661734, 37.842254999999994], [-121.656664, 37.841578999999975], [-121.65441, 37.84211300000001], [-121.65138499999999, 37.844892000000016], [-121.64888400000001, 37.84444800000002], [-121.64672900000001, 37.844729999999984], [-121.646652, 37.84871300000001], [-121.64712100000001, 37.85038500000001], [-121.65218100000001, 37.85572800000002], [-121.67792300000002, 37.87132500000003], [-121.68782300000001, 37.882067999999975], [-121.67816099999999, 37.88210700000001], [-121.67816000000002, 37.882862], [-121.67731700000002, 37.88314399999997], [-121.67597200000002, 37.881994], [-121.67126700000001, 37.88195999999999], [-121.671215, 37.88657900000004], [-121.66859800000002, 37.885612999999964], [-121.659809, 37.88564800000003], [-121.65981200000002, 37.88988499999997], [-121.65825700000002, 37.88922000000001], [-121.664811, 37.896494000000004], [-121.641347, 37.89645399999999], [-121.6414, 37.891462999999966], [-121.64081600000002, 37.890195], [-121.639611, 37.889442000000024], [-121.61443900000002, 37.88931999999998], [-121.61711599999998, 37.867401000000015], [-121.61366800000002, 37.867438], [-121.614017, 37.847898], [-121.612498, 37.84617499999997], [-121.618795, 37.84562499999997], [-121.609955, 37.835796], [-121.608085, 37.834462999999985], [-121.607197, 37.83236600000002], [-121.602696, 37.82791900000004], [-121.55696000000002, 37.79883700000001], [-121.55696999999999, 37.77139499999996], [-121.558451, 37.77064499999999], [-121.560999, 37.772964999999985], [-121.56453900000001, 37.77473500000003], [-121.565028, 37.77588699999997], [-121.572872, 37.77653499999999], [-121.57868400000001, 37.778726], [-121.578258, 37.77988499999998], [-121.57952400000002, 37.78018200000002], [-121.582439, 37.78240100000001], [-121.58382700000001, 37.78240100000001], [-121.585491, 37.78585700000003], [-121.58695500000002, 37.78604099999999], [-121.587016, 37.78723800000002], [-121.588893, 37.78817699999999], [-121.58744400000002, 37.791885000000015], [-121.59313100000001, 37.794823999999984], [-121.60490799999998, 37.79486099999999], [-121.60490100000001, 37.78983999999997], [-121.60615899999999, 37.787484000000006], [-121.61878200000001, 37.787509000000036], [-121.621618, 37.78648100000001], [-121.621536, 37.78416099999999], [-121.62324300000002, 37.78318800000001], [-121.62325799999999, 37.79108199999998], [-121.624943, 37.79207900000001], [-121.625988, 37.794031999999966], [-121.625965, 37.79650500000003], [-121.623299, 37.799130999999996], [-121.62330699999998, 37.80011900000002], [-121.63447200000002, 37.796996], [-121.65539900000002, 37.79267099999999], [-121.69732200000001, 37.78243800000004], [-121.694223, 37.79156099999996], [-121.693355, 37.79227800000002], [-121.688845, 37.793146], [-121.68525200000002, 37.796351000000016], [-121.67847399999998, 37.797559999999976], [-121.67588, 37.79946399999996], [-121.67528200000001, 37.803093], [-121.672738, 37.80604999999996], [-121.663303, 37.81245199999997], [-121.663345, 37.81530899999999], [-121.664578, 37.81520699999996], [-121.66342200000001, 37.816517], [-121.664675, 37.81845699999998], [-121.66266800000001, 37.82100500000004], [-121.663065, 37.82360100000005], [-121.66157199999999, 37.825135], [-121.664183, 37.82707099999998], [-121.665729, 37.827110000000026], [-121.667972, 37.82896500000001], [-121.665768, 37.830695999999975], [-121.667849, 37.831182999999996], [-121.669804, 37.82935199999995], [-121.670009, 37.82694299999999], [-121.66694399999999, 37.82325000000003], [-121.668792, 37.82289999999998], [-121.672022, 37.82364700000003], [-121.67319100000002, 37.824546], [-121.677279, 37.820725000000046], [-121.677025, 37.81963499999997], [-121.680886, 37.822033000000026], [-121.680793, 37.824820999999964], [-121.682828, 37.82637400000003], [-121.68710400000002, 37.826205999999964], [-121.688188, 37.82696600000003], [-121.691001, 37.82553999999999], [-121.69091900000001, 37.822964999999954], [-121.691713, 37.82157299999999], [-121.69427299999998, 37.81996800000002], [-121.69544999999998, 37.818327000000004], [-121.696688, 37.81799900000003], [-121.696771, 37.816709999999986], [-121.697268, 37.819068999999956], [-121.695922, 37.82063499999999], [-121.695769, 37.82205600000002], [-121.696772, 37.823068999999975], [-121.696233, 37.82458999999996], [-121.69741300000001, 37.82685599999999], [-121.69712400000002, 37.828753999999996], [-121.695633, 37.831215], [-121.69627499999999, 37.83503799999999], [-121.69603, 37.83651899999998], [-121.69385, 37.83739999999998], [-121.695628, 37.83760000000001], [-121.694388, 37.839297000000016], [-121.695156, 37.84131300000005], [-121.694451, 37.842904], [-121.695258, 37.84488800000004], [-121.69769700000002, 37.84587699999998], [-121.69824100000001, 37.84785200000001]]]}}, {"id": "25332", "type": "Feature", "properties": {"zip": "94516", "place": "Canyon"}, "geometry": {"type": "Polygon", "coordinates": [[[-122.18827000000002, 37.837905000000006], [-122.18375800000001, 37.840069999999976], [-122.181285, 37.83971600000006], [-122.17260100000001, 37.84516], [-122.170447, 37.84416100000003], [-122.16807000000001, 37.843742000000006], [-122.165486, 37.84450499999999], [-122.16401700000002, 37.84337499999999], [-122.158533, 37.84189999999998], [-122.156008, 37.837467000000004], [-122.155768, 37.831813999999966], [-122.149376, 37.828209000000015], [-122.14557900000001, 37.82513100000001], [-122.143594, 37.82221700000002], [-122.14622499999999, 37.819374000000025], [-122.14648600000001, 37.818421999999984], [-122.142153, 37.81079200000001], [-122.139764, 37.807792], [-122.139977, 37.80704999999997], [-122.138651, 37.80463199999996], [-122.140317, 37.80470099999994], [-122.148808, 37.813759999999995], [-122.15294999999999, 37.815034], [-122.157392, 37.817952000000005], [-122.16687299999998, 37.81342399999998], [-122.17277500000002, 37.815826], [-122.17787300000002, 37.81632300000003], [-122.18122400000001, 37.81934099999998], [-122.185577, 37.82072599999999], [-122.186871, 37.822082000000044], [-122.185729, 37.825366000000024], [-122.187024, 37.82753699999998], [-122.185647, 37.83172599999999], [-122.18381800000002, 37.83435300000007], [-122.18511600000001, 37.837353000000036], [-122.18827000000002, 37.837905000000006]]]}}, {"id": "25341", "type": "Feature", "properties": {"zip": "94520", "place": "Concord"}, "geometry": {"type": "Polygon", "coordinates": [[[-122.07732100000001, 38.00844899999999], [-122.07841400000001, 38.00869199999997], [-122.078332, 38.01023400000005], [-122.07622, 38.012256000000036], [-122.075806, 38.014096999999936], [-122.077503, 38.016609999999986], [-122.07817799999998, 38.020304], [-122.07015200000001, 38.02468099999995], [-122.070312, 38.02026599999996], [-122.06934, 38.01611600000005], [-122.06743100000001, 38.01831800000001], [-122.064848, 38.020258], [-122.053723, 38.002332999999986], [-122.05059300000002, 38.00319200000003], [-122.04802999999998, 38.00297999999997], [-122.048394, 38.006222], [-122.045413, 38.00853300000002], [-122.046011, 38.011060999999984], [-122.04192299999998, 38.01166199999995], [-122.03991699999999, 38.01287200000002], [-122.035523, 38.013605000000034], [-122.033586, 38.02258099999999], [-122.030668, 38.02298600000001], [-122.030846, 38.02135800000003], [-122.02991500000002, 38.02048699999998], [-122.02815900000002, 38.020392000000044], [-122.027768, 38.02097499999999], [-122.03216799999998, 38.02961899999996], [-122.031676, 38.02989600000002], [-122.03228400000002, 38.031014], [-122.031083, 38.032553000000036], [-122.028734, 38.032934], [-122.02971500000001, 38.03129900000002], [-122.028939, 38.03068299999995], [-122.02616900000001, 38.02450199999995], [-122.01871900000002, 38.020751], [-122.01247100000002, 38.018646000000004], [-122.010516, 38.01678200000007], [-122.00878199999998, 38.01687], [-122.003691, 38.01349600000002], [-122.00596200000001, 38.01576799999999], [-122.006347, 38.018074], [-122.00246100000001, 38.01888399999998], [-122.001288, 38.020483000000006], [-121.996479, 38.01719899999999], [-121.994927, 38.018516999999996], [-121.991861, 38.017654000000036], [-121.998843, 38.01479400000001], [-121.997337, 38.013537000000035], [-121.994167, 38.014753999999975], [-121.989408, 38.01764799999998], [-121.977173, 38.02296599999992], [-121.97210700000001, 38.02367599999995], [-121.975909, 38.02302800000002], [-121.97925000000001, 38.02173900000002], [-121.980052, 38.02004300000001], [-121.98335000000002, 38.019659], [-121.985922, 38.01722999999997], [-121.987826, 38.016615000000016], [-121.987874, 38.015774000000036], [-121.97975900000002, 38.00803400000001], [-121.981163, 38.00684100000002], [-121.97985600000001, 38.006352000000014], [-121.98036900000001, 38.00416000000002], [-121.97702, 38.00490099999996], [-121.97676600000001, 38.00449699999995], [-121.97721100000001, 38.00339799999998], [-121.980617, 38.002913000000014], [-121.98625700000001, 37.99767299999996], [-121.985319, 37.996404], [-121.986354, 37.99480500000002], [-121.98453600000002, 37.993712], [-121.98503100000002, 37.99306700000002], [-121.987657, 37.994477000000025], [-121.989823, 37.994262], [-121.994545, 37.99738599999997], [-121.99661200000001, 37.99955300000001], [-122.00098, 37.99937099999997], [-122.00001700000001, 38.002291999999976], [-122.001558, 38.00609299999999], [-122.01125900000001, 38.011240999999984], [-122.02252000000001, 38.00947900000001], [-122.02295300000002, 38.00625299999994], [-122.02397600000002, 38.00441700000001], [-122.033258, 37.99154999999999], [-122.033724, 37.98946599999998], [-122.033701, 37.988354000000065], [-122.029593, 37.97854499999999], [-122.03062700000001, 37.97818399999996], [-122.02996000000002, 37.97727200000001], [-122.02910400000002, 37.97736499999997], [-122.02841, 37.975386999999984], [-122.031229, 37.968387], [-122.03081000000002, 37.96416699999998], [-122.031728, 37.964073999999975], [-122.03317000000001, 37.960433000000016], [-122.042677, 37.953760999999986], [-122.042145, 37.95324000000004], [-122.042719, 37.95285500000001], [-122.043257, 37.95335100000004], [-122.04786700000001, 37.950155000000024], [-122.047042, 37.948076000000015], [-122.048334, 37.947487], [-122.05042500000002, 37.94723300000003], [-122.050853, 37.948084999999985], [-122.051637, 37.94754600000001], [-122.05380300000002, 37.95162199999999], [-122.054435, 37.953962000000026], [-122.05255400000001, 37.95872100000002], [-122.05618100000001, 37.96606600000001], [-122.061707, 37.96241599999999], [-122.063181, 37.97033700000005], [-122.06070800000002, 37.97065999999998], [-122.062851, 37.97372399999998], [-122.06403500000002, 37.974046], [-122.06456799999998, 37.97579699999997], [-122.06413799999999, 37.976069999999964], [-122.06554500000001, 37.97981600000002], [-122.063749, 37.982156999999965], [-122.06295400000002, 37.987534999999966], [-122.063082, 37.99614100000005], [-122.061438, 37.997285000000005], [-122.05639700000002, 37.999018999999976], [-122.058129, 38.001717000000006], [-122.065737, 38.00925899999999], [-122.06966, 38.015702999999974], [-122.074951, 38.00947], [-122.07705100000001, 38.00856799999999], [-122.074932, 38.00566600000002], [-122.07895199999999, 38.00592799999996], [-122.07732100000001, 38.00844899999999]]]}}, {"id": "25346", "type": "Feature", "properties": {"zip": "94563", "place": "Orinda"}, "geometry": {"type": "Polygon", "coordinates": [[[-122.255413, 37.898829000000006], [-122.247054, 37.905437000000035], [-122.247754, 37.905662], [-122.247727, 37.909037999999995], [-122.249246, 37.91008099999996], [-122.249537, 37.911077000000056], [-122.25308, 37.911761999999996], [-122.25192800000002, 37.91310299999999], [-122.252162, 37.91401400000003], [-122.25100600000002, 37.91510700000005], [-122.252221, 37.91865500000002], [-122.255502, 37.92153900000004], [-122.240082, 37.921709000000014], [-122.237987, 37.92115799999997], [-122.240052, 37.919129999999974], [-122.23695299999999, 37.919867000000046], [-122.23453, 37.91717100000003], [-122.23249100000001, 37.916567], [-122.230797, 37.912343000000014], [-122.22764599999998, 37.90840500000001], [-122.22525400000002, 37.90809199999998], [-122.224768, 37.90716900000002], [-122.22274299999998, 37.906554999999955], [-122.216759, 37.906825000000026], [-122.21498300000002, 37.905605999999985], [-122.214865, 37.904018000000015], [-122.21428999999999, 37.90453499999997], [-122.21576700000001, 37.90712799999999], [-122.212488, 37.90805700000002], [-122.211934, 37.909913999999986], [-122.208918, 37.908943000000036], [-122.21037400000002, 37.908608000000015], [-122.21109799999999, 37.90788900000004], [-122.21125700000002, 37.906849999999984], [-122.210539, 37.905823], [-122.21112899999999, 37.90725099999998], [-122.210499, 37.90837499999999], [-122.20855900000001, 37.90878999999997], [-122.204897, 37.90841100000003], [-122.203291, 37.90952199999997], [-122.20002200000002, 37.91489400000003], [-122.199859, 37.91750900000004], [-122.198009, 37.91860000000003], [-122.19570200000001, 37.92155500000003], [-122.19261300000001, 37.92018299999998], [-122.188488, 37.919831000000016], [-122.18484700000002, 37.91873099999997], [-122.176956, 37.918144000000034], [-122.17566300000001, 37.915819999999975], [-122.174056, 37.91539400000003], [-122.16678500000002, 37.917035000000006], [-122.16534900000002, 37.91551200000003], [-122.160988, 37.91352200000001], [-122.16090900000002, 37.91304199999998], [-122.16093900000001, 37.909544000000025], [-122.165216, 37.90949200000002], [-122.16505900000001, 37.89236299999998], [-122.166921, 37.892055], [-122.16688, 37.88950300000002], [-122.16503200000001, 37.88954600000004], [-122.164991, 37.88534600000003], [-122.161695, 37.883092999999974], [-122.163238, 37.88112999999998], [-122.15816800000002, 37.88115599999997], [-122.15580599999998, 37.88185700000001], [-122.155732, 37.88356699999998], [-122.15368299999999, 37.883034999999985], [-122.15543900000002, 37.882571000000034], [-122.15585899999999, 37.881386000000056], [-122.155545, 37.872628], [-122.15667500000002, 37.87160400000001], [-122.144251, 37.86852100000002], [-122.142905, 37.86728199999998], [-122.14323, 37.86591000000001], [-122.14381099999999, 37.866208000000015], [-122.14428799999999, 37.865643999999996], [-122.14436300000001, 37.862696999999976], [-122.142938, 37.863283999999986], [-122.142597, 37.85265100000005], [-122.14032400000002, 37.85195099999999], [-122.139444, 37.84903600000006], [-122.142392, 37.847339999999996], [-122.14193700000001, 37.84581799999994], [-122.14052299999999, 37.84424500000002], [-122.14235100000002, 37.84135800000003], [-122.143451, 37.84195], [-122.14604, 37.838867000000015], [-122.148685, 37.839188], [-122.156741, 37.84363799999998], [-122.158533, 37.84189999999998], [-122.16401700000002, 37.84337499999999], [-122.165486, 37.84450499999999], [-122.16807000000001, 37.843742000000006], [-122.170447, 37.84416100000003], [-122.17260100000001, 37.84516], [-122.181285, 37.83971600000006], [-122.18375800000001, 37.840069999999976], [-122.188671, 37.837919000000014], [-122.188597, 37.85105399999999], [-122.188969, 37.85043499999997], [-122.202657, 37.850479999999976], [-122.2031, 37.85119199999999], [-122.208898, 37.85194099999998], [-122.21040799999999, 37.855064999999954], [-122.211854, 37.85680099999997], [-122.219826, 37.864771000000005], [-122.22141800000001, 37.86546800000001], [-122.21979099999999, 37.867331999999976], [-122.216372, 37.869075000000024], [-122.21764000000002, 37.87225000000002], [-122.219804, 37.873495000000005], [-122.22362, 37.87856599999998], [-122.22884, 37.88102299999995], [-122.23867899999999, 37.88332499999997], [-122.241971, 37.881927000000005], [-122.24926200000002, 37.88697200000005], [-122.25028600000002, 37.88982800000005], [-122.24914500000001, 37.89112800000005], [-122.25105200000002, 37.893818999999986], [-122.252867, 37.893732], [-122.25267900000001, 37.894987000000015], [-122.25363, 37.896138], [-122.25515600000001, 37.89625800000002], [-122.25567600000001, 37.89785300000004], [-122.255413, 37.898829000000006]]]}}, {"id": "25351", "type": "Feature", "properties": {"zip": "94505", "place": "Discovery Bay"}, "geometry": {"type": "Polygon", "coordinates": [[[-121.6321, 37.89642099999999], [-121.62303899999999, 37.896407], [-121.622923, 37.914986], [-121.62142600000001, 37.91498999999998], [-121.62143500000002, 37.91645399999999], [-121.62290999999999, 37.91644900000001], [-121.62290100000001, 37.91725899999998], [-121.61838899999998, 37.91732100000003], [-121.61855600000001, 37.91873600000002], [-121.62289, 37.91867900000001], [-121.622723, 37.93277899999997], [-121.608935, 37.93281799999999], [-121.606383, 37.918192999999995], [-121.60586, 37.91736799999999], [-121.59371, 37.917919], [-121.592272, 37.918993999999984], [-121.591097, 37.92084399999995], [-121.588947, 37.920544000000014], [-121.58696199999999, 37.91922399999998], [-121.58216000000002, 37.91751800000001], [-121.57713499999998, 37.918392999999966], [-121.574785, 37.91786799999999], [-121.57321000000002, 37.91629299999999], [-121.571735, 37.91566799999998], [-121.565919, 37.91609899999997], [-121.563212, 37.912216999999984], [-121.563289, 37.910600999999986], [-121.564769, 37.90900900000001], [-121.570922, 37.90595999999998], [-121.572626, 37.904664999999966], [-121.57176900000002, 37.90249699999998], [-121.568162, 37.901017000000046], [-121.566951, 37.89991299999999], [-121.565904, 37.89767200000003], [-121.566405, 37.89521400000001], [-121.567679, 37.892430999999995], [-121.56990100000002, 37.890858000000016], [-121.57553199999998, 37.88897999999998], [-121.575922, 37.88755100000005], [-121.57387, 37.88339499999999], [-121.57942500000001, 37.872299999999996], [-121.57883300000002, 37.86995], [-121.57374, 37.866514999999985], [-121.573518, 37.864926999999994], [-121.569606, 37.86065999999996], [-121.56829299999998, 37.859999000000016], [-121.570588, 37.85800999999997], [-121.568017, 37.85704200000004], [-121.565903, 37.857862999999966], [-121.56261, 37.853354000000046], [-121.561977, 37.85313799999998], [-121.56122199999999, 37.85428400000001], [-121.562301, 37.85568199999997], [-121.56181300000001, 37.85713499999999], [-121.559892, 37.858825000000024], [-121.55525500000002, 37.858007], [-121.55374200000001, 37.859233], [-121.553123, 37.860963000000005], [-121.55167600000001, 37.86040000000004], [-121.548994, 37.856249999999996], [-121.547496, 37.85522599999999], [-121.54111700000001, 37.857744999999966], [-121.54034599999999, 37.856716000000034], [-121.54148300000001, 37.85521599999998], [-121.541359, 37.853112999999986], [-121.54201, 37.85131400000001], [-121.540035, 37.84884199999994], [-121.53841200000001, 37.84925100000003], [-121.537209, 37.85083799999999], [-121.534247, 37.849890999999985], [-121.53493200000001, 37.84753599999999], [-121.536797, 37.846264000000026], [-121.536792, 37.844176], [-121.538044, 37.842949999999995], [-121.537987, 37.84091], [-121.53887199999998, 37.83930100000001], [-121.53818700000001, 37.837425], [-121.541604, 37.83542000000003], [-121.54220400000001, 37.833785999999996], [-121.544187, 37.83254499999997], [-121.545871, 37.832337999999986], [-121.54774400000001, 37.833382999999984], [-121.549459, 37.83356899999999], [-121.551969, 37.830004999999986], [-121.55223600000001, 37.827127], [-121.55115400000001, 37.82510100000002], [-121.552498, 37.82403399999998], [-121.55208, 37.822497], [-121.55389899999999, 37.818004999999964], [-121.556936, 37.81721800000002], [-121.55696000000002, 37.79883700000001], [-121.602696, 37.82791900000004], [-121.607197, 37.83236600000002], [-121.608085, 37.834462999999985], [-121.609955, 37.835796], [-121.618795, 37.84562499999997], [-121.612498, 37.84617499999997], [-121.614017, 37.847898], [-121.61366800000002, 37.867438], [-121.61711599999998, 37.867401000000015], [-121.61443900000002, 37.88931999999998], [-121.632197, 37.88928799999998], [-121.6321, 37.89642099999999]]]}}, {"id": "25352", "type": "Feature", "properties": {"zip": "94506", "place": "Danville (Blackhawk)"}, "geometry": {"type": "Polygon", "coordinates": [[[-121.9671, 37.835227000000025], [-121.96590000000002, 37.833925999999956], [-121.962194, 37.83307400000005], [-121.96048100000002, 37.83350199999996], [-121.959075, 37.833214999999974], [-121.956885, 37.83206299999999], [-121.95192, 37.831928], [-121.951617, 37.835169000000036], [-121.94797000000001, 37.838902000000004], [-121.947562, 37.840227999999996], [-121.949178, 37.840864999999994], [-121.95021500000001, 37.843920999999966], [-121.94983100000002, 37.84411500000003], [-121.948148, 37.84228399999999], [-121.946133, 37.843305999999984], [-121.94393100000002, 37.84197700000002], [-121.941649, 37.843409], [-121.940342, 37.84319000000004], [-121.94070000000002, 37.84192200000002], [-121.938162, 37.84117299999997], [-121.93721500000001, 37.842694999999964], [-121.937264, 37.844270999999985], [-121.93602600000001, 37.843621000000034], [-121.933759, 37.844022999999986], [-121.932422, 37.84156200000004], [-121.93134, 37.84218799999997], [-121.92919200000001, 37.84184400000006], [-121.92707600000001, 37.84278300000003], [-121.92522100000001, 37.84114599999997], [-121.92267400000001, 37.84088100000002], [-121.922342, 37.842585], [-121.921069, 37.84302499999995], [-121.909171, 37.840316000000016], [-121.862967, 37.83362500000001], [-121.864207, 37.83119500000001], [-121.864077, 37.82970700000003], [-121.86607700000002, 37.82609499999998], [-121.86874999999999, 37.822050999999966], [-121.87167799999999, 37.819764000000006], [-121.87185500000001, 37.81718700000001], [-121.87480300000001, 37.81313699999999], [-121.87527499999999, 37.81173399999996], [-121.874979, 37.811079999999976], [-121.87646999999998, 37.80981099999995], [-121.87533, 37.80911599999997], [-121.87337699999999, 37.80914199999999], [-121.86666100000001, 37.80720899999998], [-121.86056, 37.803554], [-121.860624, 37.80633099999999], [-121.858757, 37.80831899999994], [-121.86042, 37.806045999999995], [-121.86015100000002, 37.80413699999998], [-121.86186000000001, 37.79934400000002], [-121.86393, 37.797425999999994], [-121.86505400000001, 37.794959999999975], [-121.86378500000001, 37.79096199999999], [-121.864188, 37.788417999999986], [-121.861702, 37.775837999999965], [-121.86633000000002, 37.765415], [-121.868081, 37.75663799999996], [-121.869442, 37.755542999999996], [-121.87298399999999, 37.75431600000006], [-121.875798, 37.751539999999984], [-121.874921, 37.749588999999986], [-121.87648200000001, 37.74880800000001], [-121.878248, 37.746395], [-121.882077, 37.743343000000024], [-121.88319500000001, 37.74299300000002], [-121.88259500000001, 37.74542600000001], [-121.882852, 37.75284700000002], [-121.879615, 37.75755099999996], [-121.88115000000002, 37.75863299999997], [-121.8809, 37.76577000000001], [-121.87919299999999, 37.76753100000002], [-121.88001500000001, 37.769320999999984], [-121.878978, 37.771874], [-121.877015, 37.77336399999998], [-121.87697799999998, 37.775739999999985], [-121.87848699999999, 37.77810799999997], [-121.87811, 37.78127400000002], [-121.900663, 37.781403999999995], [-121.900635, 37.78866499999999], [-121.914505, 37.78877499999997], [-121.923766, 37.78825900000002], [-121.923715, 37.792410999999994], [-121.932785, 37.792388999999964], [-121.932844, 37.78890000000003], [-121.941942, 37.78879300000003], [-121.941944, 37.79106], [-121.94647700000002, 37.793139000000004], [-121.94645999999999, 37.79450200000001], [-121.95353000000001, 37.79812499999996], [-121.95115599999998, 37.802573], [-121.952084, 37.80316599999997], [-121.949581, 37.807469000000005], [-121.942507, 37.804171000000025], [-121.941723, 37.80591600000002], [-121.942626, 37.809074000000024], [-121.945062, 37.81026699999999], [-121.94586700000002, 37.809154], [-121.948706, 37.81072799999996], [-121.94894800000002, 37.81290800000002], [-121.95112200000001, 37.81246199999995], [-121.951102, 37.816693], [-121.947601, 37.81686200000001], [-121.94884400000001, 37.81944499999997], [-121.954955, 37.821883000000014], [-121.954602, 37.82359400000004], [-121.955939, 37.82549100000001], [-121.957405, 37.82640299999995], [-121.95977299999998, 37.830852000000014], [-121.95647000000001, 37.831739000000006], [-121.959128, 37.833087999999975], [-121.96247500000001, 37.832935999999975], [-121.96615500000001, 37.833932999999945], [-121.9671, 37.835227000000025]]]}}, {"id": "25353", "type": "Feature", "properties": {"zip": "94509", "place": "Antioch"}, "geometry": {"type": "Polygon", "coordinates": [[[-121.868998, 37.956381999999984], [-121.86897, 37.983008999999974], [-121.860482, 37.983156], [-121.860849, 37.99800199999998], [-121.85603200000001, 37.998000000000005], [-121.85663000000001, 38.00525000000001], [-121.855727, 38.00880300000003], [-121.837431, 38.00377799999999], [-121.833212, 38.007495], [-121.844901, 38.01000700000002], [-121.842445, 38.01311199999995], [-121.84238300000001, 38.02046700000003], [-121.838229, 38.024275000000046], [-121.83824500000001, 38.024857999999966], [-121.83724899999999, 38.02447099999994], [-121.83556900000002, 38.02556299999996], [-121.834479, 38.02403600000001], [-121.82617300000001, 38.02432300000003], [-121.817978, 38.01908199999996], [-121.817686, 38.018400999999976], [-121.80395800000001, 38.016407000000015], [-121.80390900000002, 38.017396000000005], [-121.80026, 38.01745700000002], [-121.78906299999998, 38.015476], [-121.785911, 38.01548099999998], [-121.784488, 38.014953], [-121.77957100000002, 38.01480300000003], [-121.774481, 38.01620300000004], [-121.77202300000002, 38.01641099999998], [-121.767383, 38.01857299999997], [-121.764564, 38.01850600000001], [-121.76524400000001, 38.019122000000024], [-121.76287500000001, 38.01996100000003], [-121.760639, 38.02020200000002], [-121.75716800000001, 38.01982899999999], [-121.75577300000002, 38.01759599999996], [-121.755487, 38.01981500000003], [-121.751593, 38.019749000000026], [-121.75142, 38.01695500000004], [-121.750893, 38.01671300000001], [-121.75076299999999, 38.009082], [-121.75238399999999, 38.00925699999998], [-121.75647400000001, 37.99305900000003], [-121.75825, 37.990949], [-121.76177299999999, 37.99031200000001], [-121.771461, 37.99369799999997], [-121.78534200000001, 37.996118999999936], [-121.78390100000001, 37.99293600000004], [-121.784592, 37.990162000000005], [-121.78758200000001, 37.99035099999998], [-121.78757600000002, 37.98731400000001], [-121.78569000000002, 37.987313], [-121.785389, 37.98480099999998], [-121.783828, 37.98242399999999], [-121.78423400000001, 37.980783999999964], [-121.786105, 37.97897800000001], [-121.786415, 37.97782700000004], [-121.78596600000002, 37.975915000000036], [-121.78223, 37.97120799999997], [-121.78501500000002, 37.96956400000003], [-121.785912, 37.968060000000015], [-121.797062, 37.97164000000003], [-121.798968, 37.97406699999996], [-121.80356400000001, 37.97809000000001], [-121.80441699999999, 37.977391999999966], [-121.803151, 37.97620899999999], [-121.80490400000001, 37.97361399999999], [-121.805461, 37.96757499999996], [-121.808229, 37.96746900000004], [-121.81279400000001, 37.96546300000001], [-121.822413, 37.965344999999985], [-121.82177900000002, 37.96281200000003], [-121.82312499999999, 37.959851999999934], [-121.824053, 37.95459000000002], [-121.82098, 37.95276799999997], [-121.83075099999999, 37.947939999999974], [-121.831345, 37.94696499999995], [-121.833962, 37.94634399999999], [-121.83481600000002, 37.94530299999997], [-121.835824, 37.94533699999998], [-121.837172, 37.94723599999999], [-121.84192600000002, 37.948913000000005], [-121.845946, 37.952726000000006], [-121.84432700000002, 37.95724500000002], [-121.84327100000002, 37.95535099999999], [-121.84072, 37.95553000000004], [-121.83946700000001, 37.956485999999934], [-121.83858700000002, 37.95956999999998], [-121.83541, 37.95966899999999], [-121.83396000000002, 37.960921000000035], [-121.83166100000001, 37.96142399999996], [-121.830899, 37.96381100000001], [-121.828204, 37.96548200000006], [-121.834461, 37.966009000000035], [-121.83759400000001, 37.96767300000002], [-121.837604, 37.96862299999996], [-121.851272, 37.96872300000005], [-121.85128, 37.98319399999999], [-121.85465099999999, 37.983216000000034], [-121.85569000000001, 37.98108700000001], [-121.857318, 37.980406999999964], [-121.85838800000002, 37.978791], [-121.86169499999998, 37.976176999999986], [-121.861513, 37.97449100000001], [-121.86357699999999, 37.968521999999986], [-121.863558, 37.965633000000025], [-121.86269800000001, 37.96243100000002], [-121.862947, 37.95928900000001], [-121.86380799999999, 37.95760099999997], [-121.865467, 37.956128000000014], [-121.868998, 37.956381999999984]]]}}, {"id": "29693", "type": "Feature", "properties": {"zip": "94565", "place": "Pittsburg"}, "geometry": {"type": "Polygon", "coordinates": [[[-122.03361400000001, 38.03393799999999], [-122.029902, 38.04140999999999], [-122.03161500000002, 38.045287999999935], [-122.02160800000001, 38.04808600000001], [-122.02120200000002, 38.048939999999945], [-122.02119699999999, 38.055090000000014], [-122.01953900000001, 38.05663300000004], [-122.011598, 38.055456999999954], [-122.008834, 38.05595099999995], [-122.00156, 38.053783], [-122.00189700000001, 38.049322999999944], [-122.00121200000001, 38.05362899999996], [-121.99850499999998, 38.05409299999999], [-121.99614, 38.053660999999956], [-121.993014, 38.053870999999965], [-121.99251499999998, 38.05488799999997], [-121.99088099999999, 38.05339399999998], [-121.988071, 38.052412], [-121.98185000000001, 38.048853000000015], [-121.978779, 38.047708999999976], [-121.97582900000002, 38.04782900000002], [-121.97302899999998, 38.04731900000002], [-121.967324, 38.04801699999998], [-121.96320900000002, 38.04763200000001], [-121.96312400000001, 38.04169800000005], [-121.96394900000001, 38.040553999999986], [-121.96289899999998, 38.040872999999976], [-121.962684, 38.04765100000002], [-121.961353, 38.048589], [-121.96049, 38.04787600000004], [-121.957357, 38.04844799999998], [-121.956571, 38.04937600000001], [-121.955849, 38.048654000000006], [-121.95260500000002, 38.047570000000015], [-121.95170899999998, 38.04959199999995], [-121.95005600000002, 38.05084500000001], [-121.947999, 38.050048], [-121.946249, 38.04856999999999], [-121.944984, 38.049164000000005], [-121.942705, 38.048131], [-121.94151, 38.04633999999997], [-121.93781500000001, 38.04546699999994], [-121.93538999999998, 38.04564299999998], [-121.93277799999998, 38.044341000000024], [-121.932701, 38.03143399999997], [-121.93173900000001, 38.03116500000004], [-121.928115, 38.03404700000003], [-121.92794300000001, 38.04283099999998], [-121.927015, 38.04350899999998], [-121.92189400000001, 38.04297100000002], [-121.91901800000001, 38.041981000000014], [-121.917518, 38.04218099999997], [-121.911518, 38.04145600000002], [-121.911392, 38.04032299999997], [-121.908606, 38.03957899999998], [-121.90857, 38.04501999999999], [-121.901171, 38.04536099999996], [-121.889573, 38.046656999999996], [-121.88018399999999, 38.04870899999997], [-121.87474300000001, 38.05067600000001], [-121.86958200000001, 38.054413999999994], [-121.85328499999999, 38.04290799999998], [-121.851118, 38.03974200000004], [-121.85089700000002, 38.03771399999999], [-121.84945699999999, 38.03500899999999], [-121.852174, 38.032259999999965], [-121.847534, 38.02975899999997], [-121.84778, 38.02906099999999], [-121.843314, 38.027205999999964], [-121.8423, 38.027263999999995], [-121.842445, 38.01311199999995], [-121.844901, 38.01000700000002], [-121.833212, 38.007495], [-121.837431, 38.00377799999999], [-121.855727, 38.00880300000003], [-121.85663000000001, 38.00525000000001], [-121.85603200000001, 37.998000000000005], [-121.860849, 37.99800199999998], [-121.860482, 37.983156], [-121.86897, 37.983008999999974], [-121.868998, 37.956381999999984], [-121.86917100000001, 37.95750699999998], [-121.873075, 37.957075999999965], [-121.874444, 37.95610300000003], [-121.875982, 37.95703600000003], [-121.882539, 37.95838400000002], [-121.883274, 37.95655700000003], [-121.88650100000001, 37.95559000000005], [-121.890824, 37.955422999999996], [-121.894556, 37.95452200000004], [-121.897329, 37.95331299999996], [-121.899549, 37.95369300000002], [-121.901132, 37.95283900000001], [-121.905289, 37.948650000000015], [-121.90827100000001, 37.948358000000006], [-121.91250799999999, 37.94634999999994], [-121.91451400000001, 37.94637099999995], [-121.91470299999999, 37.96215899999998], [-121.919316, 37.962315999999994], [-121.919361, 37.96932000000003], [-121.92264100000001, 37.96928600000001], [-121.921459, 37.970577000000006], [-121.92456500000002, 37.968883999999974], [-121.927606, 37.966074], [-121.92840000000001, 37.96316099999997], [-121.93040299999998, 37.96182000000004], [-121.93291899999998, 37.961676], [-121.933024, 37.96835100000001], [-121.935382, 37.96829699999998], [-121.935325, 37.966512000000016], [-121.94044200000002, 37.96647700000004], [-121.940459, 37.96774399999999], [-121.945311, 37.963545999999994], [-121.94865700000001, 37.963083999999995], [-121.95363500000002, 37.96491400000001], [-121.95745100000002, 37.967210999999985], [-121.95922500000002, 37.967675999999976], [-121.9585, 37.96837900000002], [-121.96387700000001, 37.972832999999994], [-121.96832400000001, 37.973165999999935], [-121.97002300000001, 37.971742000000006], [-121.975476, 37.97552899999999], [-121.977639, 37.97371099999999], [-121.991275, 37.984125], [-122.00317000000001, 37.992452], [-122.00192399999999, 37.99489399999999], [-122.00098, 37.99937099999997], [-121.99661200000001, 37.99955300000001], [-121.994545, 37.99738599999997], [-121.989823, 37.994262], [-121.987657, 37.994477000000025], [-121.98503100000002, 37.99306700000002], [-121.98453600000002, 37.993712], [-121.986354, 37.99480500000002], [-121.985319, 37.996404], [-121.98625700000001, 37.99767299999996], [-121.980617, 38.002913000000014], [-121.97721100000001, 38.00339799999998], [-121.97676600000001, 38.00449699999995], [-121.97702, 38.00490099999996], [-121.98036900000001, 38.00416000000002], [-121.97985600000001, 38.006352000000014], [-121.981163, 38.00684100000002], [-121.97975900000002, 38.00803400000001], [-121.987874, 38.015774000000036], [-121.987826, 38.016615000000016], [-121.985922, 38.01722999999997], [-121.98335000000002, 38.019659], [-121.980052, 38.02004300000001], [-121.97925000000001, 38.02173900000002], [-121.975909, 38.02302800000002], [-121.97210700000001, 38.02367599999995], [-121.977173, 38.02296599999992], [-121.989408, 38.01764799999998], [-121.994167, 38.014753999999975], [-121.997337, 38.013537000000035], [-121.998843, 38.01479400000001], [-121.991861, 38.017654000000036], [-121.994927, 38.018516999999996], [-121.996479, 38.01719899999999], [-122.001288, 38.020483000000006], [-122.00246100000001, 38.01888399999998], [-122.006347, 38.018074], [-122.00596200000001, 38.01576799999999], [-122.003691, 38.01349600000002], [-122.00878199999998, 38.01687], [-122.010516, 38.01678200000007], [-122.01247100000002, 38.018646000000004], [-122.01871900000002, 38.020751], [-122.02616900000001, 38.02450199999995], [-122.028939, 38.03068299999995], [-122.02971500000001, 38.03129900000002], [-122.028734, 38.032934], [-122.031083, 38.032553000000036], [-122.03228400000002, 38.031014], [-122.031676, 38.02989600000002], [-122.03216799999998, 38.02961899999996], [-122.028322, 38.021678999999956], [-122.033736, 38.03284999999996], [-122.03361400000001, 38.03393799999999]]]}}, {"id": "29716", "type": "Feature", "properties": {"zip": "94801", "place": "Richmond"}, "geometry": {"type": "Polygon", "coordinates": [[[-122.42976000000002, 37.96540500000001], [-122.418592, 37.964784000000016], [-122.41264999999999, 37.963285000000006], [-122.41176100000001, 37.96049700000002], [-122.40838300000001, 37.95754400000004], [-122.40290600000002, 37.954852000000024], [-122.39553800000002, 37.95991200000003], [-122.40148000000002, 37.965721000000045], [-122.40113371042298, 37.96776600000003], [-122.39728300000002, 37.96776600000003], [-122.39551451634398, 37.9694401656682], [-122.381752, 37.971717], [-122.367582, 37.97816799999998], [-122.364115981906, 37.985386378002794], [-122.363116, 37.985169000000006], [-122.36129800000002, 37.98755399999998], [-122.359975, 37.99068600000001], [-122.36089999999999, 37.99477399999999], [-122.36271999999998, 37.996350000000014], [-122.365478853967, 37.99695128666904], [-122.36692800000002, 37.99845800000001], [-122.36889100000002, 38.00794800000001], [-122.367909, 38.01253], [-122.364639, 38.01292600000001], [-122.36202500000002, 38.008618999999996], [-122.355539, 38.008667999999986], [-122.344063473189, 38.004972592104224], [-122.341778, 38.00294000000004], [-122.336234449384, 38.00257240565562], [-122.332552, 38.00150200000001], [-122.32866943315601, 38.003481479692574], [-122.328193, 38.00254699999999], [-122.329919, 38.001579000000014], [-122.334705, 38.00052900000003], [-122.344108, 38.002181], [-122.34805200000001, 38.00231600000002], [-122.350695, 38.00169099999999], [-122.35335100000002, 38.00022700000001], [-122.35555100000002, 37.99777100000002], [-122.35628500000001, 37.99576000000001], [-122.358893, 37.967636000000034], [-122.35638700000001, 37.96718100000003], [-122.35734500000001, 37.96331700000001], [-122.35860800000002, 37.95044500000002], [-122.35712600000001, 37.95042999999998], [-122.35715900000001, 37.94982799999998], [-122.34742200000001, 37.94977800000003], [-122.347471, 37.94383200000003], [-122.347954, 37.94382800000004], [-122.348207, 37.94031199999996], [-122.348021, 37.93847100000001], [-122.347523, 37.938468], [-122.347895, 37.93201499999999], [-122.34724200000001, 37.93154399999999], [-122.357099, 37.93112399999998], [-122.37751500000002, 37.93135800000002], [-122.378348, 37.93024200000003], [-122.378189, 37.92725200000002], [-122.38133100000002, 37.927712000000035], [-122.383308, 37.92542599999997], [-122.380664, 37.925289999999976], [-122.380689, 37.92374699999997], [-122.37819699999999, 37.92320999999999], [-122.378201, 37.92166199999999], [-122.37721, 37.92016400000002], [-122.37250100000001, 37.917757999999985], [-122.369665, 37.914305000000006], [-122.370992, 37.914284], [-122.369031, 37.91254399999994], [-122.37137500000001, 37.91124900000003], [-122.367734, 37.90983500000004], [-122.36897500000002, 37.90973899999997], [-122.36778375833698, 37.904726378310826], [-122.37866199999999, 37.90723499999998], [-122.39054599999999, 37.909109999999984], [-122.38745600000001, 37.92054799999996], [-122.39049, 37.92253500000001], [-122.39149700000002, 37.92542299999997], [-122.397677, 37.92935999999999], [-122.401289, 37.92842600000002], [-122.40195500000002, 37.93142199999997], [-122.410036, 37.93235900000001], [-122.41372499999999, 37.937262], [-122.410987, 37.93967000000002], [-122.414077, 37.94529299999998], [-122.42263299999999, 37.94716799999999], [-122.41930599999999, 37.95091599999998], [-122.42073200000002, 37.95485199999999], [-122.42501, 37.956913], [-122.430087, 37.96311500000001], [-122.42976000000002, 37.96540500000001]]]}}, {"id": "29717", "type": "Feature", "properties": {"zip": "94805", "place": "Richmond"}, "geometry": {"type": "Polygon", "coordinates": [[[-122.34135400000001, 37.93144400000001], [-122.341126, 37.93480599999998], [-122.337838, 37.93435199999999], [-122.33685299999999, 37.93856], [-122.336344, 37.93885300000002], [-122.33552500000002, 37.94394200000004], [-122.335089, 37.94398000000001], [-122.335431, 37.94554299999999], [-122.33499700000002, 37.945516], [-122.334999, 37.94669299999996], [-122.335438, 37.94705300000002], [-122.33218499999998, 37.94741699999999], [-122.33246600000001, 37.94924299999998], [-122.333912, 37.95175000000001], [-122.33361599999999, 37.95325299999999], [-122.331763, 37.95396300000003], [-122.33024700000001, 37.951335000000014], [-122.32741699999998, 37.95129100000004], [-122.326394, 37.949153999999965], [-122.32349200000002, 37.94965400000004], [-122.323676, 37.95012800000002], [-122.322077, 37.951996000000015], [-122.324403, 37.953845000000015], [-122.32381999999998, 37.954105], [-122.31874899999998, 37.95403700000003], [-122.318284, 37.95492299999998], [-122.316131, 37.953217999999985], [-122.316696, 37.95183400000003], [-122.314931, 37.95237600000002], [-122.31139299999998, 37.95140699999999], [-122.311408, 37.95266499999997], [-122.30836800000002, 37.95267199999996], [-122.30952, 37.951662999999975], [-122.309601, 37.94811599999998], [-122.31135600000002, 37.948817], [-122.31130899999998, 37.945596], [-122.311904, 37.945127], [-122.311069, 37.94360299999995], [-122.307602, 37.94272999999999], [-122.30318900000002, 37.939122999999995], [-122.303575, 37.93820400000001], [-122.320323, 37.93834199999997], [-122.32038, 37.93112000000005], [-122.323166, 37.93088700000001], [-122.32549800000001, 37.931254], [-122.34135400000001, 37.93144400000001]]]}}, {"id": "31741", "type": "Feature", "properties": {"zip": "94556", "place": "Moraga"}, "geometry": {"type": "Polygon", "coordinates": [[[-122.156741, 37.84363799999998], [-122.148685, 37.839188], [-122.14604, 37.838867000000015], [-122.143451, 37.84195], [-122.14235100000002, 37.84135800000003], [-122.14052299999999, 37.84424500000002], [-122.14193700000001, 37.84581799999994], [-122.142392, 37.847339999999996], [-122.139444, 37.84903600000006], [-122.14032400000002, 37.85195099999999], [-122.142597, 37.85265100000005], [-122.142938, 37.863283999999986], [-122.14436300000001, 37.862696999999976], [-122.14428799999999, 37.865643999999996], [-122.14381099999999, 37.866208000000015], [-122.14323, 37.86591000000001], [-122.142905, 37.86728199999998], [-122.144251, 37.86852100000002], [-122.14182900000002, 37.86850000000003], [-122.14178700000001, 37.87212900000004], [-122.136104, 37.87209500000001], [-122.13606700000001, 37.87571699999998], [-122.13379, 37.875696000000005], [-122.133794, 37.87479500000002], [-122.128407, 37.87499800000001], [-122.12844400000002, 37.87356800000002], [-122.12677199999999, 37.87268999999998], [-122.11620900000001, 37.87364200000004], [-122.115868, 37.87461599999996], [-122.11252200000001, 37.87431699999998], [-122.112314, 37.873304], [-122.105693, 37.87193099999997], [-122.107126, 37.86886000000001], [-122.106768, 37.86775799999995], [-122.108197, 37.86776700000004], [-122.109737, 37.86647500000002], [-122.109734, 37.86461200000003], [-122.10665500000002, 37.862893999999976], [-122.10614700000002, 37.85798499999998], [-122.10298000000002, 37.857989999999965], [-122.105735, 37.85287799999999], [-122.10745399999999, 37.851531], [-122.10774200000002, 37.850712999999985], [-122.08782600000002, 37.85095400000001], [-122.08823199999999, 37.849265999999986], [-122.07962400000001, 37.84944300000001], [-122.079842, 37.85130100000001], [-122.077976, 37.852495999999974], [-122.078291, 37.85323700000003], [-122.079926, 37.854199999999956], [-122.07997500000002, 37.85675800000001], [-122.077987, 37.856751000000024], [-122.07827900000001, 37.855783999999986], [-122.075296, 37.853576000000025], [-122.07124199999998, 37.85204499999994], [-122.06801700000001, 37.84944499999998], [-122.061659, 37.84586599999999], [-122.061419, 37.83560899999999], [-122.070669, 37.83555900000003], [-122.07077600000001, 37.82876600000001], [-122.06702000000001, 37.82851600000001], [-122.063214, 37.82579500000001], [-122.06146800000002, 37.82346399999997], [-122.05464400000001, 37.821059], [-122.044295, 37.81212300000002], [-122.046313, 37.812568000000006], [-122.04778400000001, 37.81206599999998], [-122.050492, 37.80968099999996], [-122.047842, 37.80568099999999], [-122.04674400000002, 37.80532699999998], [-122.04642200000002, 37.80395], [-122.044602, 37.80338299999994], [-122.042808, 37.801974999999985], [-122.04411700000001, 37.800617], [-122.04316599999999, 37.79915899999999], [-122.043271, 37.79662899999999], [-122.045473, 37.79812600000004], [-122.138651, 37.80463199999996], [-122.139977, 37.80704999999997], [-122.139764, 37.807792], [-122.142153, 37.81079200000001], [-122.14648600000001, 37.818421999999984], [-122.14622499999999, 37.819374000000025], [-122.143594, 37.82221700000002], [-122.14557900000001, 37.82513100000001], [-122.149376, 37.828209000000015], [-122.155768, 37.831813999999966], [-122.156008, 37.837467000000004], [-122.158533, 37.84189999999998], [-122.156741, 37.84363799999998]], [[-122.11489700000001, 37.84226600000001], [-122.11418800000001, 37.83985699999998], [-122.10923499999998, 37.838236999999936], [-122.10540400000001, 37.84343600000001], [-122.10875100000001, 37.84733700000003], [-122.109316, 37.847191999999986], [-122.11060400000001, 37.84494099999999], [-122.11582200000001, 37.84251199999999], [-122.11489700000001, 37.84226600000001]]]}}, {"id": "32109", "type": "Feature", "properties": {"zip": "94572", "place": "Rodeo"}, "geometry": {"type": "Polygon", "coordinates": [[[-122.27465499999998, 38.03481100000001], [-122.273418, 38.037581999999986], [-122.27394877505, 38.0385690513397], [-122.27344865337501, 38.039038342678666], [-122.27188900000002, 38.038553], [-122.27220100000001, 38.03938899999996], [-122.27162499999999, 38.03869599999998], [-122.27086, 38.03906399999997], [-122.271172, 38.039800000000035], [-122.27052599999999, 38.04001400000002], [-122.271088, 38.040806], [-122.272552537614, 38.03987921678188], [-122.271421, 38.04094100000003], [-122.27067868261801, 38.04096574944946], [-122.270172, 38.03934399999998], [-122.27038100000001, 38.03852500000004], [-122.26760199999998, 38.03904600000001], [-122.26471900000001, 38.040051], [-122.26459000000001, 38.04220099999999], [-122.262835, 38.04258199999998], [-122.262162, 38.05089999999996], [-122.260577, 38.05165199999998], [-122.26169300000001, 38.056167999999985], [-122.26388100000001, 38.05619099999998], [-122.259614, 38.057062999999985], [-122.261199, 38.056262], [-122.260091, 38.05178299999997], [-122.25556800000001, 38.05130300000001], [-122.25443500000002, 38.05262699999998], [-122.25183600000001, 38.05287799999994], [-122.25116099999998, 38.05440500000001], [-122.24822699999999, 38.05661800000002], [-122.24618599999998, 38.05569700000002], [-122.25031000000001, 38.051655999999994], [-122.245934, 38.05551700000003], [-122.24095200000001, 38.05790799999999], [-122.23926799999998, 38.057955000000014], [-122.23438300000001, 38.056951000000026], [-122.235611, 38.05508400000003], [-122.241317, 38.05532999999998], [-122.241582, 38.05186000000004], [-122.242895, 38.05098399999997], [-122.24550399999998, 38.05047400000001], [-122.247814, 38.04876700000003], [-122.24853599999999, 38.049549999999954], [-122.250753, 38.04821699999995], [-122.25305, 38.04936199999999], [-122.25531899999999, 38.04975599999997], [-122.256582, 38.049007], [-122.25822, 38.045216999999994], [-122.26020900000002, 38.04268400000004], [-122.25886400000002, 38.04228900000002], [-122.255412, 38.04321999999994], [-122.25188300000002, 38.040927999999994], [-122.25432100000002, 38.03888399999997], [-122.25055699999999, 38.03679600000003], [-122.251603, 38.03428100000004], [-122.24764, 38.038456], [-122.23823400000002, 38.04516799999999], [-122.23525000000001, 38.044791000000004], [-122.232531, 38.04355200000006], [-122.22807700000001, 38.04472399999996], [-122.2264, 38.04461699999996], [-122.22357300000002, 38.04335199999997], [-122.21725300000001, 38.03800499999999], [-122.215463, 38.03553699999995], [-122.207329, 38.02887799999999], [-122.199771, 38.02602200000002], [-122.195971, 38.02297099999997], [-122.19495000000002, 38.019967999999984], [-122.19359799999998, 38.01852499999998], [-122.190888, 38.01695299999999], [-122.190383, 38.01565999999997], [-122.20505200000001, 38.00888799999997], [-122.21071000000002, 38.00768199999999], [-122.209656, 38.007606000000024], [-122.20961799999999, 37.99616899999999], [-122.23020899999999, 37.99637799999998], [-122.23489200000002, 38.00448899999997], [-122.23650500000001, 38.003733000000004], [-122.23910000000001, 38.007218000000016], [-122.24806500000001, 38.008678999999965], [-122.27465499999998, 38.03481100000001]]]}}, {"id": "33282", "type": "Feature", "properties": {"zip": "94595", "place": "Walnut Creek"}, "geometry": {"type": "Polygon", "coordinates": [[[-122.091755, 37.88566800000002], [-122.086606, 37.88516799999999], [-122.08838, 37.886541999999984], [-122.085864, 37.89093900000002], [-122.083876, 37.89138000000003], [-122.082196, 37.89284699999995], [-122.082205, 37.896433], [-122.08305899999999, 37.89760500000003], [-122.075539, 37.895833000000025], [-122.07065300000001, 37.89655900000004], [-122.06972, 37.89538599999999], [-122.057801, 37.88937200000001], [-122.055021, 37.885603999999965], [-122.05007100000002, 37.88084599999993], [-122.05084200000002, 37.880733000000035], [-122.051592, 37.881663999999994], [-122.05456000000001, 37.880576], [-122.054853, 37.87644099999999], [-122.052289, 37.876123999999955], [-122.05181300000001, 37.87471500000001], [-122.05376, 37.87313399999999], [-122.05550200000002, 37.87311299999997], [-122.052997, 37.86567099999996], [-122.054078, 37.86426300000006], [-122.05322, 37.863345000000024], [-122.052357, 37.84249699999998], [-122.061569, 37.84298299999999], [-122.061659, 37.84586599999999], [-122.06801700000001, 37.84944499999998], [-122.07124199999998, 37.85204499999994], [-122.075296, 37.853576000000025], [-122.07827900000001, 37.855783999999986], [-122.07804800000001, 37.85724399999998], [-122.083061, 37.868242999999964], [-122.08933100000002, 37.87526899999998], [-122.089701, 37.88131899999999], [-122.08807000000002, 37.88177899999998], [-122.091755, 37.88566800000002]]]}}]}